And as in uf fish thought he stood,-+-+-+-+
Tell her that wastes her time and me,++-+-+-+
Oh just be yond the sweet est thoughts that throng,++-+-+-+-+
And there up on i ma gin a tion and heart were driv en,-+-+-+-+--+-+-
Leap to these arms un talked of and un seen.,+--+-+-+-+
Ei ther what Death or Love is well,+--+-+-+
I dare not move my dim eyes a ny way,-+++-+++-+
Not so much life as on a sum mer's day,-+-+-+-+-+
As dreams are made on and our lit tle life,-+-+-+-+-+
Come night come Ro me o come thou day in night,++++--+-+-+
To put a tree be tween us when he ligh ted,-+-+-+-+-+-
Sleepe af ter toyle port af ter storm y seas,+--++--+-+
Had in high plac es built her lodge though mean,--++-+-+-+
Shrouds thee where so e'er thou shin est.,+-+-+-+-
Though the sedge is with ered from the lake,--+-+-+-+
Seek ing af ter that sweet gold en clime,--+--+--+
A rise from their graves and a spi re,-+--+--+-
In these years! Yet I feel,-+-+-+
Still still to hear her ten der tak en breath,++-+-+-+-+
Prompt hand and head piece clev er,++-+-+-
Where I may sit and see,-+-+-+
Draw the huge bot toms through the fur rowed sea,+-++-+-+-+
Van ished and left but me mo ries that should be out of sea son,+--+-+---+-+-+-
In fi e ry ring lets from their sleep,-+--+-+-+
There was nev er a sound be side the wood but one,--+--+-+-+-+
And look up on my self and curse my fate,-+-+-+-+-+
But ill sus tained and al most so it seemed,-+-+-++--+
He went be hind it to make his last stand.,-+-+--+-++
And on thy cheeks a fad ing rose,-+-+-+-+
That now she knows,-+-+
Five miles me an der ing with a maz y mo tion,++-+--+-+-+-
To fields where flies no sharp and sid ed hail,-+-+-+-+-+
And there she wept and sighed full sore,-+-+-+++
By a flash of light ning or a wave,--+-+-+-+
An y thing more than the truth would have seemed too weak,+--+--+--+-+
Nor did it oc cur to one of us there,-+--+-+--+
Who was so foo lish as to think what he thought.,--++-+-+-+-
And with sweet pas times grace my hap py tomb,--++-+-+-+
She cries at them for care less ness,-+-+-+-+
And shakes this frag ile frame at eve,-+-+-+-+
Take him and cut him out in lit tle stars,+--+-+-+-+
The Line too la bours and the Words move slow,-+++---+++
Then die! that she,++-+
By man and beast and earth and air and sea,-+-+-+-+-+
Rea son your vice roy in me me should de fend,+--+--++--+
In roar ing he shall rise and on the sur face die.,-+-+-+-+-+-+
In mo tion of no less ce ler i ty,-+--++-+-+
Un til I cried and trem bled and rocked to and fro,-+-+-+--++-+
And hon ey wild and man na dew,-+-+-+-+
And though the last lights off the black West went,-+-++--+++
Out walk ing in the fro zen swamp one gray day,-+---+-+--+
Think true love act ed sim ple mod es ty.,++++-+-+-+
And sank his head in mire and slimed them selves,-+-+-+-+-+
Tread soft ly be cause you tread on my dreams.,++--+-+--+
Yea all which it in her it shall dis solve,++-+-+---+
Bring the bal loon of the mind,+--+--+
And the har vest's done.,--+-+
And leave it there far from a use ful fi re place,-+-++--+-+--
With maz y er ror un der pen dant shades,-+-+-+-+-+
And all who heard should see them there,-+-+-+-+
Next when I cast mine eyes and see,+--+-+-+
That had'st thou sprung,-+-+
What if some lit tle paine the pas sage haue,-+-+-+-+-+
Thro' the clouds ere they div ide them,+-++--+-
Then once by man and an gels to be seen,++-+-+---+
He chor tled in his joy.,-+-+-+
And wears man's smudge and shares man's smell the soil,-+++-+++-+
They al so serve who on ly stand and wait.,-+-+-+-+-+
One foot went through. The view was all in lines,++---+-+-+
And thy smiles be fore they dwin dle,+-+-+-+-
And stood a while in thought.,-+-+-+
Give me the low est place or if for me,+--+-+-+-+
Dare its dead ly ter rors clasp?,+-+-+-+
And I a woke and found me here,-+-+-+-+
That low est place too high make one more low,-+-+-++--+
That thus so clean ly I my self can free,-+-+-+-+-+
Thou must have un com mend ed died.,-+-+-+-+
And now good mor row to our wak ing souls,-+++---+-+
And bring in cloud y night im med i ate ly.,-+-+-+-+--+
How si lent ly and with how wanne a face,-+-+--++-+
Weave a cir cle round him thrice,+-+-+-+
That with mu sic loud and long,+-+-+-+
Here in the long un love ly street,+--+-+-+
Those Lov ers scorne whom that Love doth Pos sesse?,-+-+-++--+
That run a ways' eyes may wink and Ro me o,-+--+-+-+-+
By thy leave I can look I rise a gain,-++--+-+-+
And the yel low half moon large and low,--+-+-+-+
Head heav y then the knights who watched him roared,++-+-+-+-+
As I gain the cove with push ing prow,--+-+-+-+
One flight out side ways would have un de ceived him.,++-+---+-+-
Pass'd un der neath in gulft for God had thrown,+--+-+-+-+
Soft is the Strain when Zeph yr gen tly blows,+--+-+-+-+
Come gen tle night come lov ing black browed night,++-+++-+++
What we be low could not see Win ter pass.,-+-+-+-+-+
Come back in tears,-+-+
Or gaz ing on the new soft fall en mask,-+---+++-+
Close to the sun in lone ly lands,+--+-+-+
May kill as soon as Death's cold hand,-+-+-+++
And stu dents with their pen sive cit a dels,-+-+-+-+-+
To me that feele the like thy state de scries.,-+-+-+-+-+
Where Alph the sa cred riv er ran,-+-+-+-+
A small bird flew be fore me. He was care ful,-+++-+---+-
And of ten is his gold com plex ion dimmed,-+-+-+-+-+
I should go with him in the gloom,-+-+-+-+
Since there's no help come let us kiss and part,+--++--+-+
There hath he lain for a ges and will lie,+--+-+--++
Through cav erns meas ure less to man,-+-+-+-+
The Jab ber wock with eyes of flame,-+-+-+-+
To wards Phoeb us' lodg ing! Such a wag on er,--+-+-+-+-+
That sun ny dome! those caves of ice!,-+-+-+-+
Green in a cup like hol low of the down.,+--+++---+
The hand that mocked them and the heart that fed,-+-+-+-+-+
Now if thou wouldst when all have giv en him o ver,+--+-+-+--+^
Far sunk en from the health y breath of morn,++---+-+-+
So as to say for cer tain I was here,+--+-+-+-+
A wake for ev er in a sweet un rest,-+-+---+++
Buc kle! AND the fire that breaks from thee then a bil lion,+-+-+-+-+--+-
I met a trav el ler from an an tique land,-+-+--+--++
This breast the thought of thee waits hid den yet bright,-+-+-+++--+
When his pulse fail ing Pas sion speech less lies,+-++-+-+-+
Slow Spon dee stalks strong foot! yet ill a ble,++-+++-+--
Let us pos sess one world each hath one and is one.,-+-+++-+--++
Un num bered and e nor mous pol y pi,++---+-+-+
She found me roots of rel ish sweet,-+-+-+-+
Who said Two vast and trunk less legs of stone,-+++-+-+-+
Were nei ther shamed in his own,-+-+--+
Lov ers can see to do their a mor ous rites,+--+-+-+--+
But thy voice sounds low and ten der,+-+++-+-
Speak low lean low,++++
Down from the cause way heav i ly to the swamp,+--+-+--+-+
Ere half my days in this dark world and wide,-+-+--++-+
As long a go my love how long a go .,-+-+-+-+-+
Spread ing a shade the Nai ad mid her reeds,+--+-+-+-+
Stirred for a bird the a chieve of the mas te ry of the thing!,+--+--+--+----+
One thing to be blown up or fall,++--++-+
That li que fac tion of her clothes.,-+-+-+-+
And thou like ad a mant draw mine i ron heart.,-+-+--+-+-+
She took me to her elf in grot,-+-+-+-+
Times told love li er more dan ger ous O my che val ier!,+++---+--+---+
Which watch not one an oth er out of fear,-+-+-+-+-+
He there does now en joy e ter nall rest,-+-+-+-+-+
Or snort ed we in the Sev en Sleep ers' den?,-+-+--+-+-+
Of beau ty from the light re ti red,-+-+-+-+-
When Faith is kneel ing by his bed of death,-+-+-+-+-+
May no lines pass ex cept they do their du ty,-+++-+-+-+-
From death to life thou mightst him yet re cov er.,-+-+-+-+-+-
It was a mir a cle of rare de vice,-+-+-+-+-+
The well ap point ed king at Hamp ton pier,-+-+-+-+-+
Whit er than new snow up on a Ra ven's back.,+--++---+-+
For then I un dis trest,-+-+-+
As if this earth in fast thick pants were breath ing,-+-+-+++-+-
And bur bled as it came!,-+-+-+
Now at the last gasp of love's la test breath,+--++-++-+
Pulse for pulse breath for breath,+-++-+
Give me the low est place not that I dare,+--+-++--+
What the ham mer? what the chain?,+-+-+-+
And close your eyes with ho ly dread,-+-+-+-+
And I am glad yea glad with all my heart,-+-+++-+-+
A cit y on the in con stant bil lows danc ing,-+-+--+-+-+-
When yel low leaves or none or few do hang,-+-+-+-+-+
That I might live and share,-+-+-+
I caught this mor ning mor ning's min ion king,-+-+-+-+-+
For love all love of oth er sights con trols,-+++-+-+-+
Noth ing be side re mains. Round the de cay,+--+-++--+
And I am glad yea glad with all my heart,-+-+++-+-+
So that I fear they do but bring,+--+-+-+
Bright star would I were stead fast as thou art,++-+-+--++
With Dan ish bar rows and a haz el wood,-+-+-+-+-+
That all the world will be in love with night,-+-+-+-+-+
Heard in dead night a long that ta ble shore,+-++-+-+-+
Like na ture's pa tient sleep less Er e mite,-+-+-+-+-+
In to their west and straight a gain re vive,+--+-+-+-+
Nor ev er chaste ex cept you rav ish me.,-+-+-+-+-+
Lies one long sought,-+++
On what wings dare he a spi re?,+-++--+-
For so ap pears this fleet maj est i cal,-+-+-+-+-+
But when or how I can not tell,-+-+-+-+
Let maps to oth ers worlds on worlds have shown,-+-+-+-+-+
And win ter falls of old,-+-+-+
Be low the thun ders of the up per deep,-+-+-+-+-+
And I on ly see,--+-+
He went ga lumph ing back.,-+-+-+
How long a go I may not know,-+-+-+-+
High there how he rung up on the rein of a wim pling wing,+---+---+--+-+
And chief ly I re mem ber,-+-+-+-
As a bird's quick song runs round and the hearts in us hear,--+++++--+--+
Is not great grace to helpe him ou er past,-+++-+-+-+
Now at the last gasp of love's la test breath,+--++-++-+
With throb bings of noon tide.,-+--++
Down to a sun less sea.,+--+-+
Where wa ter falls a round it leap for ev er,-+-+-+-+-+-
And the souls of whom thou lov est,+-+-+-+-
Straight up and down of tall slim trees,++-+-+++
Slow slow fresh fount keep time with my salt tears,++++++--++
And sum mer's lease hath all too short a date,-+-+-+++-+
With kiss es four.,-+-+
The gray sea and the long black land,-++--+++
Your force to break blow burn and make me new.,-+-+++-+-+
Where no storms come,-+++
Whit en ing for half a league and thin them selves,+---+-+-+-+
And Les bi a close up thou my lit tle light,-+--+-+-+-+
In Beds and cur i ous Knots but Na ture boon,-+-+--+-+-+
Some times too hot the eye of heav en shines,+-++-+-+-+
By aut umn nut ters haun ted flour ish es,-+-+-+-+-+
And pays us but with age and dust,-+-+-+-+
Is con stant Love deem'd there but want of wit?,-+-+++-+-+
And the smooth Stream in smooth er Num bers flows,--++-+-+-+
Tell that its sculp tor well those pas sions read,+--+-+-+-+
All mim sy were the bo ro goves,++-+-+-+
And all my bonds I needs must loose a part,-+-+-+-+-+
To do good to man kind is the chiv al rous plan,--+--+--+--+
And high in hea ven be hind it a gray down,-+-+--+--++
And fur ther from it dai ly wan der est,-+-+-+-+-+
Nor lose pos ses sion of that fair thou ow'st,-+-+-+-+-+
But thy e ter nal sum mer shall not fade,-+-+-+-+-+
When we have wan dered all our ways,-+-+-+-+
And seek with pain their e ver dur ing night.,-+-+-+-+-+
With the slow smoke less burn ing of de cay.,--++-+-+-+
I saw their starved lips in the gloam,-+-++--+
Maids at the wheel the weav er at his loom,+--+-+-+-+
And all should cry Be ware! Be ware!,-+-+-+-+
That is most dif fi cult.,+-++-+
I must stop short of thee the whole day long.,--++---+++
Where on mad fing ers play,--++-+
My name is Oz y man di as king of kings,-+-+-+--+-+
The one the oth er will con tain,-+-+-+-+
Not so when swift Ca mil la scours the Plain,-+-+-+-+-+
But I be ing poor have on ly my dreams,-+--+-+--+
How sweet and fair she seems to be.,-+-+-+-+
Where woods and winds con tend and a vast riv er,-+-+-+--++-
So twice five miles of fer tile ground,-+++-+-+
But as at first when our day was fair.,+--+--+-+
Thou so ber suit ed ma tron all in black,-+-+-+-+-+
De scends on me my spir it's bark is driv en,-+-+-+-+-+-
So moves the de vice whence round as a pearl or tear,-+--+-+--+-+
And 'mid these danc ing rocks at once and ev er,-+-+-+-+-+-
And song less plo ver,-+-+-
And no birds sing.,-+++
And try if we can not feel for sak en.,-+--+-+-+-
Had wound strings round and round it like a bun dle.,-+++-+---+-
Borne with the in vis i ble and creep ing wind,+---+-+-+-+
By rea son of his fall en div in i ty,-+-+-+--+-+
Those Lov ers scorne whom that Love doth Pos sesse?,-+-+-++--+
From sul len earth sings hymns at heav en's gate,-+-+++-+-+
The same year af ter year,-++--+
That not one hour my self I can sus tain.,-+++-+---+
Till you have drenched our stee ples drowned the cocks.,+--+-+-+-+
The Brain is just the weight of God,-+-+-+-+
Come back to me in dreams that I may give,-+-+-+-+-+
Droop herbs and flow ers,++-+-
The sol emn tem ples the great globe it self,-+-+--++-+
With ease and You be side,-+-+-+
O round mine eyes your tress es shake!,-+-+-+-+
Then blood y swords and ar mor should not be,-+-+-+-+-+
And they will dif fer if they do,-+-+-+-+
Blow winds and crack your cheeks. Rage blow.,++-+-+++
Like cloud on cloud. No stir of air was there,-+-+++-+-+
When Faith is kneel ing by his bed of death,-+-+-+-+-+
A tap at the pane the quick sharp scratch,-+--+-+++
What held it though on one side was a tree,-+-+-++--+
To such a deep de light 'twould win me,-+-+-+-+-
How at once should I know,+-+--+
In the for ests of the night,+-+-+-+
O ver and o ver.,+--+-
Doth God ex act day la bor light de nied?,-+-+++-+-+
Pause an swer to pause and a gain the same strain caught,++--+--+-+++
Most en ui ous man that grieues at neigh bours good,++--+-+-+-+
Up on those boughs which shake a gainst the cold,-+-+-+-+-+
With des pair?,--+
Car ry him off the way I might have gone,+--+-+-+-+
From long to long in sol emn sort.,-+-+-+-+
That I may rise and stand o'er throw me and bend,-+-+-+++--+
True Ease in Writ ing comes from Art not Chance,++-+-+-+-+
And from which earth and grave and dust,-+-+-+-+
To love that well which thou must leave ere long.,-+-+-+-+-+
I have spread my dreams un der your feet,--+-++--+
Whose sails were nev er to the tem pest giv en,-+-+-+-+-+-
O Rose thou art sick!,-+--+
Ease af ter warre death af ter life does great ly please.,+--++--+-+-+
To mor row comes De cem ber,-+-+-+-
Still as the si lence round a bout his lair,+--+-+-+-+
I run I run I am gath ered to thy heart.,-+-+--+-+-+
That on the ash es of his youth doth lie,-+-+-+-+-+
Huge spon ges of mil len ni al growth and height,++---+--+-+
Wa ter'd the Gar den thence u nit ed fell,+--+-+-+-+
And all the pave ment streamed with mas sa cre.,-+-+-+-+-+
Let sea dis cover ers to new worlds have gone,-+-+--++-+
Ah Sun flow er wear y of time,-+--+--+
Rose a fresh foun tain and with man y a rill,+-++-+-+--+
Her from her lo ver,+--+-
I shun the love that lurks in all de light,-+-+-+-+-+
I paused and said I will turn back from here.,-+-++--+-+
And like this in sub stan tial pag eant fad ed,-+-+-+-+-+-
The smalle rayne downe can rayne,-+++-+
The in vis i ble worm,--+--+
But our old sub tle foe so tempt eth me,--++-+-+-+
Of night and light and the half light,-+-+--++
And there I dreamed Ah! woe be tide!,-+-+++-+
And he will make the face of heav en so fine,-+-+-+-+--+
Dark house by which once more I stand,++--++-+
There hath he lain for a ges and will lie,+--+-+--++
Sat gray hair'd Sat urn qui et as a stone,++++-+---+
He end ed Ar thur knew the voice the face,-+-+-+-+-+
With thy black man tle till strange love grow bold,--++--++++
Now lend ing splen dour where from se cret springs,-+-+-+-+-+
That time of year thou mayst in me be hold,-+-+-+-+-+
Do they call Ver tue there un grate ful nesse?,-+-+-+-+-+
I am borne dark ly fear ful ly a far,--++-+-+-+
O dream how sweet too sweet too bit ter sweet,-+-+++-+-+
Her sym pho ny and song,-+-+-+
So hag gard and so woe be gone?,-+--++-+
''Twas bril lig and the slith y toves,-+-+-+-+
In those looks where who so gaz es,+-+-+-+-
To strike him o ver bal anc ing his bulk,-+-+-+-+-+
O frab jous day! Cal looh! Cal lay!,-+-+-+-+
Who see her go ing lo ver less,-+-+-+-+
Than the two hearts beat ing each to each!,--+++-+-+
Or chaf fy grain be neath the thresh er's flail,-+-+-+-+-+
On ly thou art a bove and when towards thee,+-+--+-+-+
Ding dong.,++
Where the trav el ler's jour ney is done,--+--+--+
How small a part of time they share,-+-+-+-+
One two! One two! And through and through,-+-+-+-+
And half inch fis sures in the slip per y rock,-+++---+--+
O mem o ry hope and love of fin ished years .,-+--+-+-+-+
Up on the hem pen tack le ship boys climb ing,-+-+-+-+-+-
She looked at me as she did love,-+-+-+-+
Are with me from the past,-+-+-+
When in e ter nal lines to Time thou grow'st,-+-+-+-+-+
And then a gain I have been told,-+-++--+
Burns bright or dim as each are mir rors of,++-+-+-+-+
Fall win ter fall for he,++-+-+
Has wo ven a win ter robe,-+--+-+
Can judge of Love thou feel'st a Lov er's case,-+-+-+-+-+
As af ter sun set fad eth in the west,-+-+-+-+-+
How from that Sap phire Fount the crisp ed Brooks,+--+-+-+-+
Nor less when spring had warmed the cul tured Vale,-+-+-+-+-+
An ces tral voic es pro phes y ing war!,-+-+-+-+-+
On ly the mon strous an ger of the guns.,+--+-+-+-+
When you had changed from the one who was all to me,+--+--+--+--
Played for a pair of stain less mai den hoods.,+--+-+-+-+
My sweet est Les bi a let us live and love,-+-+--+-+-+
Lov ers can see to do their a mor ous rites,+--+-+-+--+
Still grow ing and on one a stake and prop,++---+-+-+
Rid dled with light. Ah! when the ghost be gins to quick en,+--++--+-+-+-
Three fields to cross till a farm ap pears,++-+--+-+
With a leap and a bound the swift An a pests throng.,--+--+--+--+
Thou so ber suit ed ma tron all in black,-+-+-+-+-+
With out sharp north with out de clin ing West?,-+++-+-+-+
Be low the thun ders of the up per deep,-+-+-+-+-+
To fright the frost out of the grave.,-+-++--+
That mur mur soon re plies God doth not need,-+-+-++--+
His ov er coat for ev er,-+-+-+-
The mov ing wa ters at their priest like task,-+-+-+-+-+
I must not think of thee and ti red yet strong,-+-+-+-+--+
V pon the banke yet wilt thy selfe not passe the flood?,-+-+-+-+++-+
Prompt hand and head piece clev er,++-+-+^
She dotes on what the wild birds say,-+-+-+++
Un less a larm came from the camp of love.,-+-++--+-+
Fall grief in show ers,++-+-
So rest ed he by the Tum tum tree,-+-+--+-+
Be cause of all things known,-+-+++
That seemed as though ice burned and was but the more ice,-+--++-+--++
A stream went voice less by still dead en'd more,-+-+-+++-+
Shuts up the sto ry of our days,++-+---+
The mass y earth and spher ed skies are riv en!,-+-+-+-+-+-
Is bare now nor can foot feel be ing shod.,-+-+-++--+
Up on the rap id cur rent which through veins,-+-+-+-+-+
With thy black man tle till strange love grow bold,--++--++++
Who count est the steps of the Sun,-+--+--+
I won der by my troth what thou and I,-+-+-+-+-+
And like a laugh ing string,-+-+-+
Must purl ing streams re fresh a lov er's loves?,-+-+-+-+-+
Em bark his roy al ty and his brave fleet,-+-+-+--++
Now dark now glit ter ing now re flect ing gloom,-+-+--+-+-+
And pay no wor ship to the gar ish sun.,-+++---+-+
A sun ny pleas ure dome with caves of ice!,-+-+-+-+-+
Sure if that long with Love ac quaint ed eyes,+--+-+-+-+
Or some where else I was just far from home.,-+-++--+-+
Wind ooz ing thin through the thorn from nor ward,+--+--+-+-
Came whif fling through the tul gey wood,-+-+-+-+
Where thirst ing long ing eyes,-+-+-+
Fall gall them selves and gash gold ver mil ion.,++---++-+-
In sun dry moods 'twas pas time to be bound,-+-+-+-+-+
Thro' the vest which seems to hide them,+-+-+-+-
With hor rid warn ing gap d wide,-+-+-+-+
'Tis not e nough no Harsh ness gives Of fence,-+-+-+-+-+
Whit er than new snow up on a Ra ven's back.,+--++---+-+
I have been here be fore,+--+-+
And there were gar dens bright with sin u ous rills,-+-+-+-+--+
A bout her lo ver.,-+-+-
The Lord shall raise me up I trust.,-+-+-+-+
And learn me how to lose a win ning match,-+-+-+-+-+
O ver the land freck led with snow half thawed,+--++--+++
In his ec sta sy! then off off forth on swing,--+---+++-+
Bat ten ing up on huge sea worms in his sleep,+---+++---+
This thou per ceiv'st which makes thy love more strong,+--+-+-+-+
Diz zy lost yet un be wail ing!,+-+-+-+-
And piled and mea sured four by four by eight.,-+-+-+-+-+
No I will go on far ther and we shall see.,+--+-+--+-+
It was an Ab ys sin i an maid,-+-+-+--+
Then now per chance a gain!,++-+-+
Be hold me for I can not sleep,-+-+-+-+
That brave vi bra tion each way free,-+-+-+++
It sinks and I am read y to de part.,-+-+-+-+-+
As I fore told you were all spir its and,-+-+--++-+
A bout his sha dow y sides a bove him swell,-+-+--+-+-+
He thought that I was af ter him for a feath er,+--+-+--+-+-
I am his High ness' dog at Kew,-+-+-+-+
Is it no verse ex cept en chant ed groves,+-++-+-+-+
Doors where my heart was used to beat,+--+-+-+
When the stars threw down their spears,+-+++-+
I fond ly ask but pa tience to pre vent,-+-+-+-+-+
And when we meet at an y time a gain,-+-+-+-+-+
Are Beau ties there as proud as here they be?,-+-+-+-+-+
Whose wak en ing should have been in Par a dise,-+--+-+-+-+
But with the swift a lone.,-+-+-+
And no birds sing.,-+++
By the em bers in hearth side ease.,--+--+-+
As sun light on a stream,-+-+-+
How Dick would hate the cold.,-+-+-+
Crack Na ture's moulds all ger mains spill at once,++-+++-+-+
With their love the breath be tween them,+-+-+-+-
And the mome raths out grabe.,--++-+
Who says that fic tions on ly and false hair,++-+-+--++
Next when I cast mine eyes and see,+--+-+-+
Then then me thinks how sweet ly flows,++-+-+-+
A mazed a mazed a mazed a mazed.,-+-+-+-+
The soul of A do na is like a star,-+-+-+-+-+
Bear with my weak ness my old brain is trou bled.,+--+--++-+-
The touch of earth ly years.,-+-+-+
If our two loves be one or thou and I,-+++-+-+-+
Re buffed the big wind. My heart in hid ing,-+-++-+-+-
When a man hath no free dom to fight for at home,--+--+--+--+
Or is it on ly the breeze in its list less ness,+--+--+--+--
Spread thy close cur tain love per form ing night,+-++-+-+-+
The noise of life be gins a gain,-+-+-+-+
When A jax strives some Rock's vast Weight to throw,-+-+++++-+
As yet but knock breathe shine and seek to mend,-+-+++-+-+
Win now with gi ant arms the slum ber ing green.,+--+-+-+--+
Life of Life! thy lips en kin dle,+-+-+-+-
To me that feele the like thy state de scries.,-+-+-+-+-+
And shout ed and leapt down up on the fall en,-+--++-+-+-
As the ra di ant lines of morn ing,+-+--+-+-
And all my pleas ures are like yes ter day.,-+-+--++-+
And crown with love my e ver dur ing night.,-+-+-+-+-+
I see a lil y on thy brow,-+-+-+-+
Is round ed with a sleep. Sir I am vexed.,-+-+-++--+
Where the green swell is in the ha vens dumb,--++-+-+-+
To doubt they were kneel ing then.,-+--+-+
That thus so clean ly I my self can free,-+-+-+-+-+
That li que fac tion of her clothes.,-+-+-+-+
Wo man much missed how you call to me call to me,+--+--+--+--
And not a noth er like it could I see.,-+-+-+-+-+
Like melt ing snow up on some crag gy hill,-+-+-+-+-+
Ask for that low est place but Thou hast died,+--+-+-+-+
A gain it is due?,-+--+
The shad ow of the dome of pleas ure,-+-+-+-+-
To wards Phoeb us' lodg ing! Such a wag on er,--+-+-+-+-+
Shep herds are hon est peo ple let them sing,+--+-+-+-+
There tram pled out his face from be ing known,++-+-+---+
Nuns fret not at their con vent's nar row room,+++--+-+-+
But just when at that swal low's soar,-++--+-+
And the pale Vir gin shroud ed in snow,--+--+--+
His an cient dream less un in va ded sleep,-+-+-+-+-+
Shake hands for ev er can cel all our vows,++-+-+-+-+
Hark! Now I hear them Ding dong bell.,+--+-+++
Why wilt not let him pass that long hath stood,+--+-+-+-+
What's that but to lie,-+--+
There lives the dear est fresh ness deep down things,-+-+-+-+++
No drum nor trum pet peace ful sleeps should move,-+-+-+-+-+
Say ing that now you are not as you were,+--+--+--+
Bat ten ing up on huge sea worms in his sleep,+---+++---+
As I feel now lost for e ver!,-+-++-+-
Next when I cast mine eyes and see,+--+-+-+
dom of day light's dau phin dap ple dawn drawn Fal con in his rid ing,--+-+---+-+---+-
The fi re for which all thirst now beams on me,-+--+++++-+
Can pat ter out their hast y or i sons.,-+-+-+-+-+
And a voice less loud thro' its joys and fears,--+-+--+-+
South ward through E den went a riv er large,+--+-+-+-+
That o pen ing let ting in lets out no more .,-+--+-+-+++
When in dis grace with for tune and men's eyes,+--+-+--++
In me thou seest the glow ing of such fi re,-+-+-+--++-
Then then me thinks how sweet ly flows,++-+-+-+
For he on hon ey dew hath fed,-+-+-+-+
And so live ev er or else swoon to death.,-+++---+-+
And he will make the face of heav en so fine,-+-+-+-+--+
In to its nar row shed.,+--+-+
Such ter ror and my fee ble flesh doth waste,++---+-+-+
Be not dis turbed with my in fir mi ty.,-+-+-+-+-+
And coun try where of here needs no ac count,-+-+-+-+-+
Yet I have heard they both bear darts,-+-+-+++
But let the drunk ard as he stretched from horse,-+-+-+-+-+
When night gives pause to the long watch I keep,-+++--++-+
A roun del is wrought as a ring or a star bright sphere,-+--+--+--+++
Hear the shrill whist le which doth or der give,+-++-+-+-+
Bat ter my heart three per soned God for you,+--+++-+-+
'Twas bril lig and the slith y toves,-+-+-+-+
The hoarse rough Verse shou'd like the Tor rent roar.,-+++-+-+-+
With craft of de light and with cun ning of sound un sought,-+--+--+--+-+
That bus ie arch er his sharpe ar rowes tries?,-+-+--++-+
The night is freez ing fast,-+-+-+
Give me my Ro me o and when he shall die,+--+--+-+-+
Not with out fee ble point ed spikes of flow ers,+-++-+-+-+-
So long as men can breathe or eyes can see,-+-+-+-+-+
Pray tell me sir whose dog are you?,-+-++--+
And sure in lang uage strange she said,-+-+-+-+
Win now with gi ant arms the slum ber ing green.,+--+-+-+--+
And for all this na ture is nev er spent,--+++--+-+
And fond that ioy est in the woe thou hast,-+-+-+-+-+
The Brain is wid er than the Sky,-+-+-+-+
To be brought,--+
Can judge of Love thou feel'st a Lov er's case,-+-+++-+-+
As the death bed where on it must ex pi re,--++-+-+-+-
She nei ther hears nor sees,-+-+-+
Of earth and with what mo tion moved the clouds!,-+--++-+-+
And like the base less fab ric of this vi sion,-+-+-+-+-+-
And all feel yet see thee nev er,-++-+-+-
Some one who lived in turn ing to fresh tasks,+--+-+--++
With a foul witch,--++
He is not here but far a way,-+-+-+-+
You cat a racts and hur ri ca noes spout,-+-+-+-+-+
I made a gar land for her head,-+-+-+-+
Then then me thinks how sweet ly flows,++-+-+-+
The love of thee and in the blue heaven's height,-+-+---+++
Hands do what you're bid,++--+
Sea nymphs ho ur ly ring his knell,+-+--+-+
What may it be that e ven in heav en ly place,+--+-+--+--+
I for got him and let his lit tle fear,+-+--+-+-+
From the foun tain and the caves.,+-+-+-+
In clus ter then a moul dered church and high er,-+-+-+-+-+-
Child of Light! thy limbs are burn ing,+-+-+-+-
Where my Sun flow er wish es to go.,--+--+--+
And when thy heart be gan to beat,-+-+-+-+
That we one jot of for mer love re tain.,-+++-+-+-+
Come with soft round ed cheeks and eyes as bright,+-++-+-+-+
And quench its speed i' the slush y sand.,-+-+--+-+
But where the dead leaf fell there did it rest.,-+-++++--+
Her hair was long her foot was light,-+-+-+-+
Did till we loved Were we not weaned till then?,+--++--+-+
If you be pleased re tire in to my cell,-+-+-+-+-+
And ver y few to love.,-+-+-+
Thus I fal ter ing for ward,+++--+-
Of crim son joy,-+-+
And that was my long scythe whis per ing to the ground.,-+--+++--+-+
And In no cence is clos ing up his eyes,-+-+-+-+-+
That I would not have that view,--+-+-+
Shall we not lie as we have lain,-+-+-+-+
To feel for ev er its soft fall and swell,-+-+--++-+
In what fur nace was thy brain?,+-+-+-+
Pale war ri ors death pale were they all,++--+---+
Un til next May,-+++
En fold ing sun ny spots of green er y.,-+-+-+-+-+
Noth ing of him that doth fade,+-+-+-+
Be ware the Jab ber wock my son!,-+-+-+-+
Faints en tan gled in their maz es.,+-+-+-+-
That they will be o ver and done,-+--+--+
A long street climbs to one tall tow ered mill,-+++-+++-+
To the cham ber where,--+-+
I am bics march from short to long.,-+-+-+-+
But doth suf fer a sea change,+-+--++
And made of earth and sea,-+-+-+
My heart had shrunk as thin!,-+-+-+
Well nigh was hel met hid den and the name,++-+-+---+
Huge frag ments vault ed like re bound ing hail,++-+---+-+
Pil low'd up on my fair love's rip en ing breast,+--+-+++--+
Thrush black bird all that sing in May,++-+-+-+
And Ar thur deigned not use of word or sword,-+-+-+-+-+
Like the fair est for it folds thee,+-+-+-+-
In the wild woods a mong the moun tains lone,--++-+-+-+
I have de si red to go,+--+--+
Pour'd forth pro fuse on Hill and Dale and Plain.,++-+-+-+-+
What may it be that e ven in heav'n ly place,+--+-+--+-+
Come to me in the si lence of the night,+--+-+-+-+
Spread thy close cur tain love per form ing night,+-++-+-+-+
His ov er coat for ev er,-+-+-+^
E ven to the or ig in al air blue gown!,+----+--+++
Heard no more a gain far or near?,+-+--+-+
From less and less to noth ing thus he fell,-+-+-+-+-+
And bring in cloud y night im med i ate ly.,-+-+-+-+--+
A se cret and that thru shes chide,-+-+-+-+
Go love ly rose!,++-+
I look in to my glass,-++--+
The wood was gray and the bark warp ing off it,-+-+--++-+-
Gal lop a pace you fier y foot ed steeds,+--+-+-+-+
When I re sem ble her to thee,-+-+-+-+
My face in thine eye thine in mine ap pears,++-+-+-+-+
Who have felt the weight of too much li ber ty,--+-+-+++-+
Lodged with me use less though my soul more bent,+--+-+-+-+
Hood my un manned blood bat ing in my cheeks,+--+++---+
What im mor tal hand or eye,+-+-+-+
A roun del is wrought.,-+--+
That brave vi bra tion each way free,-+-+-+++
Wish ing me like to one more rich in hope,+--+-+-+-+
Full beau ti ful a fae ry's child,++-+-+-+
Rid dle who list for me and pull for Prime,+--+-+-+-+
Hold ing due course to Har fleur. Fol low fol low!,+-++-+++-+-
Fall as the crest of some slow arch ing wave,+--+--++-+
Them to know them gone.,--+-+
Yet in these thoughts my self al most de spis ing,+-++-+-+-+-
Let him com bat for that of his neigh bours,--+--+--+-
Be come a verse? Is there in truth no beau ty?,-+-+-+-+-+-
I reade it in thy lookes thy lan guisht grace,-+-+-+-+-+
Make the cold air fi re then screen them,+-+++--+-
They leave us so to the way we took,-+-+--+-+
They dwelt in their straw y pen,-+--+-+
And blue spurt of a light ed match,-++--+-+
It best a grees with night. Come civ il night,-+-+-+++-+
Na ture I loved and next to Na ture Art,+--+-+-+-+
Pale or chis es and scared a bright green snake.,++---+-+++
Give me my Ro me o and when he shall die,+--+--+-+-+
Shine and blue bleak em bers ah my dear,+-+++-+-+
And say no word to tell me who he was,-+++-+---+
Hath thee in thrall!,-+-+
Nor an y voice of mourn ing save the cho irs,-+-+-+-+-+-
O ver its rocks cease less ly bursts and raves.,+--++--+-+
Than Tri umph turn a way,-+-+-+
The jaws that bite the claws that catch!,-+-+-+-+
And on the ped es tal these words ap pear,-+-+--++-+
Like to the lark at break of day a ris ing,+--+-+-+-+-
Could lone ly wait my end less rest,-+-+-+-+
Now if thou wouldst when all have giv en him o ver,+--+-+-+--+-
That moun tain as his gar den mould high rais'd,-+---+-+++
Can it be you that I hear? Let me view you then,+--+--+--+--
With the first dream that comes with the first sleep,--++-+--++
The ta bles o ver and the wines and slew,-+-+-+-+-+
As in a ru in we it call,-+-+-+-+
Than that of thought. Sup pose that you have seen,-+-+-+-+-+
Yet sing and chat ter,-+-+-
What dread hand? and what dread feet?,+++-+++
But sucked on coun try pleas ures child ish ly?,-+-+-+-+-+
Deep in the shad y sad ness of a vale,+--+-+-+-+
And bu gles call ing for them from sad shi res.,-+-+-+--++-
Must doff my will as rai ment laid a way,-+-+-+-+-+
I warm'd both hands be fore the fire of Life,-+++-+-+-+
The world is charged with the gran deur of God.,-+-+--++-+
Dare frame thy fear ful sym me try?,++-+-+-+
Sus pend ed by the blast that blew a main,-+-+-+-+-+
Chryst yf my love wer in my armes,+--+-+-+
Hap ly I think on thee and then my state,+--+-+-+-+
I would build that dome in air,+-+-+-+
A fae ry's song.,-+-+
And here were for ests an cient as the hills,-+-+-+-+-+
That light whose smile kin dles the U ni verse,-+-++--+-+
He gazed and gazed and gazed and gazed,-+-+-+-+
Did he who made the Lamb make thee?,-+-+-+-+
No mo tion has she now no force,++---+++
On the bald street breaks the blank day.,--+++-++
I saw the swift's black bow,-+-+++
And makes one lit tle room an eve ry where.,-+++-+-+-+
And brace lets too and frag rant zone,-+-+-+-+
Let us not weigh them. Heaven's great lamps do dive,+--+-+++-+
With how sad steps O Moone thou climb'st the skies,-+++-+-+-+
Far from the shore far from the trem bl ing throng,+--++--+--+
Is not short paine well borne that brings long ease,--++++-+++
The Sound must seem an Ech o to the Sense.,-+-+-+-+-+
And wears the turn ing globe.,-+-+-+
And far a way in to the sick ly light,-+-+-+-+-+
Sud den ly I saw the cold and rook de light ing heav en,+---+-+-+-+-+-
And hap pie ease which thou doest want and craue,-+-+-+-+-+
Was not ig no ble. Oh! when I have hung,-+-+-+-+-+
Nay I have done you get no more of me,+--+-+-+-+
Did gyre and gim ble in the wabe,-+-+-+-+
With how sad steps O Moone thou climb'st the skies,-+++-+-+-+
Now they are all on their knees,+--+--+
And far a way in to the sick ly light,-+-+-+-+-+
Part steals lets part a bide,++-+-+
The Kra ken sleep eth faint est sun lights flee,-+-+-+-+-+
Sing ing of Mount A bo ra.,+-+-+-+
Long lines of cliff break ing have left a chas m,++-++--+-+-
Whilst burn ing through the in most veil of Heav en,-+-+-+-+-+-
Of his bones are cor al made,+-+-+-+
De sir ing this man's art and that man's scope,-+-+-+-+-+
Which yet sur vive stamped on these life less things,-+-++--+-+
That fan cy may fash ion to hang in the ear of thought.,-+--+--+--+-+
Love so a like that none do slack en none can die.,+--+-+-+-+-+
He spent him self the la bor of his ax,-+-+-+-+-+
Drops flat and af ter the great wa ters break,++-+--++-+
Their flow ers the ten der ness of pa tient minds,-+--+-+-+-+
The cloud capped tow ers the gor geous pal ac es,-+++--+-+-+
Which from his dark some pas sage now ap pears,+--+-+-+-+
What pass ing bells for these who die as cat tle?,-+-+-+-+-+-
The com mon fate of all things rare,-+-+-+++
The sigh ing sound the lights a round the shore.,-+-+-+-+-+
The hard snow held me save where now and then,-+++-+-+-+
What e ver dies was not mixed e qual ly,-+-+-+++-+
No mock er ies now for them no prayers nor bells,-+--+-+-+-+
Who were it proved he lies,+--+-+
And now div id ed in to four main Streams,-+-+---+++
Our youth our joys and all we have,-+-+-+-+
And meetes a flood that doth his pass age stay,-+-+-+-+-+
Had I the heav ens' em broi dered cloths,-+-+--+-+
On the cold hill's side.,--+++
And on her dul cim er she played,-+-+-+-+
When stretched in the har vest blue,-+--+-+
A maid whom there were none to praise,-+-+-+-+
And made sweet moan.,-+++
Hawk her on owl and wood peck er.,++-+-+-+
In the for ests of the night,+-+-+-+
And I took all the blame out of all sense and rea son,-+-+-+--++-+-
For put them side by side,-+-+-+
And this is why I so journ here,-+-+-+-+
It was a cord of ma ple cut and split,+--+-+-+-+
Be cause the Ho ly Ghost o ver the bent,-+-+-++--+
Catch ing the sense at two re moves?,+--+-+-+
Nor let them pun ish me with loss of rhyme,+--+-+-+-+
That makes fraile flesh to feare the bit ter waue?,-+++-+-+-+
By hearts grown cold to me,-+++-+
And ghast ly through the driz zling rain,-+-+-+-+
And af ter drained dry,-+-++
To sounds con fused be hold the thread en sails,-+-+-+-+-+
The old dog barks back wards with out get ting up.,-++++--+--+
Nay I have done you get no more of me,+--+-+-+-+
Un num bered and e nor mous pol y pi,++---+-+-+
Of por ous Earth with kind ly thirst up drawn,-+-+-+-+++
And watch ing with e ter nal lids a part,-+-+-+-+-+
Its jew el of mu sic is carv en of all or of aught,-+--+--+--+--+
These la tter a bout to fall. I thought that on ly,-+--+-+-+-+-
Strike flat the thick ro tun di ty of the world,++-+-+--+-+
And she has slept try ing to trans late,-+-++---+
That we one jot of for mer love re tain .,-+++-+-+-+
That flies in the night,-+--+
Be sec ret and take de feat,-+--+-+
My true ac count lest he re turn ing chide,-+-+-+-+-+
Watch the slow door,+-++
His an cient dream less un in va ded sleep,-+-+-+-+-+
But let all lov ers rich in tri umph come,-+++-+-+-+
That the heart of the hear er may smile if to pleas ure his ear,--+--+--+--+--+
Flow'rs worth y of Par a dise which not nice Art,++--+---+++
Flies o'er th'un bend ing Corn and skims a long the Main.,+--+-+-+-+-+
Since na ture's pride is now a with ered daf fo dil.,-+-+-+-+-+-+
He watch es from his moun tain walls,-+-+-+-+
So fair a fan cy few would weave,-+-+-+-+
You be ing e ver dis solved to wan wist less ness,+--+--+--+--
But when loud Surg es lash the sound ing Shore,--++-+-+-+
Down the steep glade and met the neth er Flood,+-++-+-+-+
No yet still stead fast still un change a ble,+-++-+-+-+
The lat est dream I e ver dreamed,-+-+-+-+
And the mome raths out grabe.,--++-+
What evs When as in silks my Ju lia goes,-+-+-+-+-+
If some one said on Christ mas Eve,-+-+-+-+
Where souls brim full of love a bide and meet,-+++-+-+-+
In Xan a du did Ku bla Khan,-+-+-+-+
The sedge has with ered from the lake,-+-+-+-+
Nor chang'd his course but through the shag gy hill,-+-+-+-+-+
Come gen tle night come lov ing black browed night,++-+++-+++
Per haps it was some thing a bout the heat of the sun,-+--+--+-+--+
Ran nec tar vis it ing each plant and fed,++-+--++-+
Of birth can quench not that sus tain ing Love,-+-++--+-+
For how can you com pete,-+-+-+
Stand in the des ert.... Near them on the sand,+--+-+-+-+
A mid whose swift half in ter mit ted burst,-+-++--+-+
World broods with warm breast and with ah! bright wings.,++-++--+++
Some veil did fall I knew it all of yore.,-+-+-+-+-+
And each slow dusk a draw ing down of blinds.,-+++-+-+-+
A lone and pale ly loi ter ing,-+-+-+-+
Fast with er eth too.,++--+
Though I am young and can not tell,-+-+-+-+
And both do aim at hu man hearts.,-+-+-+-+
O how that glit ter ing tak eth me!,+--+--+-+
Do they a bove love to be lov'd and yet,-+-++--+-+
For hold them Blue to Blue,-+-+-+
The blue and the dim and the dark cloths,-+--+--++
And that was why it whis pered and did not speak.,-+-+-+--+-+
For thy sweet love re mem bered such wealth brings,-+++-+-+++
The vor pal blade went snick er snack!,-+-+-+-+
My long scythe whis pered and left the hay to make.,-+++--+-+-+
With o ther things I but fear,-+-+--+
O how that glit ter ing tak eth me!,+--+--+-+
Is all good struc ture in a wind ing stair?,-+++---+-+
Press'd her cold fin ger clos er to her lips.,+-++-+-+-+
Some thing per haps a bout the lack of sound,+--+-+-+-+
Fall win ter fall for he,++-+-+
The spec u la ting rooks at their nests cawed,-+-+-+--++
Come to my arms my beam ish boy!,+--+-+-+
Thus for Love's sake,+-++
But Time to make me grieve,-+-+-+
And in the chas m are foam and yel low sands,-+-+--+-+-+
Does thy life de stroy.,--+-+
Leaves a round me fall ing,+-+-+-
While on the per il ous ridge I hung a lone,-+-+--+-+-+
And true plain hearts do in the fac es rest,-+++---+-+
And from this chasm with cease less tur moil seeth ing,-+-+-+-+-+-
Rough winds do shake the dar ling buds of May,++-+-+-+-+
Ex cept Love's fi res the vir tue have,-+++--+-+
Could I re vive with in me,-+-+-+-
Just as when he was not a ghost,+-+--+-+
Are Beau ties there as proud as here they be?,-+-+-+-+-+
And like a thun der bolt he falls.,+--+-+-+
When as in silks my Ju li a goes,+--+-+--+
Roll ing on O ri ent Pearl and sands of Gold,+--+--+-+-+
Take me to you im pris on me for I,+-+--+-+-+
And it was ol der sure than this year's cut ting,-+-+-+-+-+-
Death's sec ond self that seals up all in rest.,++-+-+-+-+
A might y foun tain mo ment ly was forced,-+-+-+-+-+
Brute beau ty and val lour and act oh air pride plume here,++--+--+-++++
Shall I com pare thee to a sum mer's day?,-+-+-+-+-+
Be cause she thinks death can di vide,-+-++--+
Leap to these arms un talked of and un seen.,+--+-+-+-+
And win ter falls of old,-+-+-+
Thy grace may wing me to pre vent his art,++-+---+-+
A slum ber did my spir it seal,-+-+-+-+
And chief ly I re mem ber,-+-+-+^
Moved we as plun der ers where the moth er bird,+--+--+-+-+
By chance or na ture's chang ing course un trimmed,-+-+-+-+-+
As a skate's heel sweeps smooth on a bow bend the hurl and glid ing,--+--+--+--+-+-
You sul ph'rous and thought ex e cut ing fi res,-+--++-+-+-
It best a grees with night. Come civ il night,-+-+-+++-+
In the howl ing storm,--+-+
So long lives this and this gives life to thee.,-+++-+-+-+
Will mur mur by the hour in fox glove bells,-+-+-+-+-+
Sit blithe and hap py bees that soar for bloom,++-+-+-+-+
Who trav els by the wear ie wan dring way,-+-+-+-+-+
Trav elling a cross the wet mead to me here,+--+--+--+
With what strange ut ter ance did the loud dry wind,-+++----+++
Be side the springs of Dove,-+-+-+
And no thing else saw all day long,-+-+-+++
Crushed. Why do men then now not reck his rod?,++---+-+-+
Sud den ly,+-+
Nor e ver ask her what she has lost,-+-+-+--+
And made of earth and sea,-+-+-+
Be ware the Jub jub bird and shun,-+-+-+-+
West ron wynde when wyll thow blow,+-++--+
And shuns to have her grac es spied,-+-+-+-+
From man y a won drous grot and se cret cell,-+--+-+-+-+
Till they fail as I am fail ing,+-+-+-+-
O how that glit ter ing tak eth me!,+--+--+-+
As Syl lab le from Sound,-+-+-+
Bare ru ined cho irs where late the sweet birds sang.,++-+--+-+++
Nor shall death brag thou wand' rest in his shade,+-++-+-+-+
Bid her come forth,+--+
With out so much as wish ing him good night.,-+-+-+-+-+
The white one in his tail like one who takes,-+-+-+-+-+
Flows through the mind and rolls its rap id waves,+--+-+-+-+
Through o pen doors and sword ing right and left,-+-+-+-+-+
With silk en stream ers the young Phoeb us fan ning.,-+-+--++-+-
When I con sid er how my light is spent,-+-+-+-+-+
Robs not one light seed from the fea ther'd grass,+++++--+-+
Our ob ject and in glor i ous yet the end,-+-+-+--+-+
O ur beau ties are not o urs. O I could still,--+--++-+--+
Toil and grow rich,+--+
Which by and by black night doth take a way,-+-+++-+-+
Has found out thy bed,-+--+
Look on my works ye Might y and de spair!,+--+-+-+-+
By the in jus tice of the skies for pun ish ment?,+--+-+-+-+-+
So wild that e ver y cas u al thought of that and this,-+-+--+--+-+-+
What can dles may be held to speed them all?,-+-+-+-+-+
And I yn my bed a gayne,-+--+-+
Its dim shapes are clad with bright ness,-++-+-+-
Hop ing it might be so.,+--+-+
The pal lor of girls' brows shall be their pall,-+--++-+-+
And say Would God it came to pass,-+++-+-+
Un til the lat ter fi re shall heat the deep,-+-+-+--+-+
I know the grass be yond the door,-+-+-+-+
Be yond red roofs a bout a nar row wharf,-+++-+-+-+
And sank in tu mult to a life less o cean,-+-+-+-+-+-
And in the dear est pas sage of a song.,-+-+-+-+-+
If e ver a ny beau ty I did see,-+-+-+-+-+
Then ev'n of fel low ship O Moone tell me,-+-+---+++
But fools do live and waste their lit tle light,-+-+-+-+-+
And 'mid this tu mult Ku bla heard from far,-+-+-+-+-+
Such as a fee ble brook will oft as sume,+--+-+-+-+
My ver y life a gain though cold in death,-+-+-+-+-+
Is con stant Love deem'd there but want of wit?,-+-+-+-+-+
Or hint or mock at night and day,-+-+-+-+
With what I most en joy con tent ed least,-+-+-+-+-+
Who in the dark and si lent grave,+--+-+-+
With an guish moist and fe ver dew,-+-+-+-+
And learn me how to lose a win ning match,-+-+-+-+-+
For thou wilt lie up on the wings of night,-+-+-+-+-+
No won der of it sheer plod makes plough down sil lion,-+---++-+-+-
Let him think of the glor ies of Greece and of Rome,--+--+--+--+
Breast ing the loft y surge. O do but think,+--+-++--+
Which through the web of be ing blind ly wove,-+-+-+-+-+
And a few lil ies blow.,--++-+
Rolled round in earth's di ur nal course,++-+-+-+
Till all the raf ters rang with wo man yells,-+-+-+-+-+
As e'er be neath a wan ing moon was haunt ed,-+-+-+-+-+-
Thou hast made me and shall thy work de cay?,+-+---++-+
And layes the soule to sleepe in qui et graue?,-+-+-+-+-+
And her mits are con tent ed with their cells,-+-+-+-+-+
Of that co los sal wreck bound less and bare,-+-+-++--+
From an y braz en throat,-+-+-+
Stand ing as when I drew near to the town,+--+--+--+
Did gyre and gim ble in the wabe,-+-+-+-+
A noth er day,-+-+
With mis chie vous va grant se raph ic look,-+--+--+-+
Drop drop drop drop,++++
In des erts where no men a bide,-+--++-+
Do they call Ver tue there un grate ful nesse?,-+-+-+-+-+
Con sumed with that which it was nour ished by.,-+-+-+-+-+
La bor to ad mit you but O to no end,+---+--+-++
By their own beau ties or if love be blind,--++-+-+-+
But rath er to tell how if Art could tell,-+--++-+-+
Love laugh ter or mourn ing re mem brance of rap ture or fear,++--+--+--+--+
The sweet keen smell,-+++
A bove the ra ven's nest by knots of grass,-+-+-+-+-+
Long time the man xome foe he sought,++-+-+-+
And there I shut her wild wild eyes,-+-+-+++
When as in silks my Ju lia goes,-+-+-+-+
Tell her that's young,++-+
Full fath om five thy fa ther lies,++-+-+-+
And trou ble deaf heav en with my boot less cries,-+-++---+-+
Woe weeps out her di vi sion when she sings.,+++--+-+-+
With in the Son net's scan ty plot of ground,-+-+-+-+-+
Where was heard the min gled meas ure,+-+-+-+-
Now all the truth is out,-+-+-+
Too much a like to mark or name a place by,-+-+-+-+-+-
And there she lull d me as leep,-+-+-+-+
You have been mine be fore,+--+-+
The breath whose might I have in voked in song,-+-+-+-+-+
Are melt ed in to air in to thin air,-+-+-+--++
Far from the fi e ry noon and eve's one star,+--+--+-+++
Small is the worth,+--+
And view my wast ing skin,-+-+-+
And what should er and what art,+++--++
Singe my white head. And thou all shak ing thun der,+-++-+++-+-
How si lent ly and with how wanne a face,-+----++-+
Far far be neath in the a bys mal sea,++-+---+-+
I would spread the cloths un der your feet,--+-++--+
Be ing hon our bred with one,--+-+-+
Oh morn ing at the brown brink east ward springs,++---+++-+
Should find brief sol ace there as I have found.,-+++-+-+-+
Play with your fan cies and in them be hold,+--+-+-+-+
Burnt the fi re of thine eyes?,+-+-+-+
Your neck turned so,-+++
A bout his shad ow y sides a bove him swell,-+-+--+-+-+
Yet slow er yet O faint ly gen tle springs!,-+-+++-+-+
Blow through my ear! the sky seemed not a sky,+--+-+-+-+
E ven such is time which takes in trust,--+-+-+-+
As Pha e ton would whip you to the west,-+-+-+-+-+
Could twist the sin ews of thy heart?,-+-+-+-+
When time ly death my life and for tune ends,-+-+-+-+-+
And her eyes were wild.,--+-+
Or eas y gold at the hand of fay or elf,-+-+--+-+-+
That li que fac tion of her clothes.,-+-+-+-+
Our selves no pris on is and hence for me,-+-+-+-+-+
That brave vi bra tion each way free,-+-+-+++
That Beau ty in which all things work and move,-+---+++-+
Of the rol ling lev el un der neath him stead y air and strid ing,--+-----+-+-+-+-
List to the heav y part the mu sic bears,+--+-+-+-+
A dam sel with a dul ci mer,-+-+-+-+
What im mor tal hand or eye,+-+-+-+
I saw pale kings and prin ces too,-+++-+-+
Ex cept you en thrall me nev er shall be free,-+--+-+-+-+
You stand up on the riv age and be hold,-+-+-+-+-+
Nor in his neigh bours' eyes?,+--+-+
In me thou seest the twi light of such day,-+-+-+--++
And the star tled lit tle waves that leap,--+-+-+-+
Bred to a hard er thing,+--+-+
Down the green hill a thwart a ce darn cov er!,+-++-+-+-+-
