|and| |as| |in| |uf fish| |thought| |he| |stood|,-+-+-+-+
|tell| |her| |that| |wastes| |her| |time| |and| |me|,++-+-+-+
|oh| |just| |be yond| |the| |sweet est| |thoughts| |that| |throng|,++-+-+-+-+
|and| |there up on| |i ma gin a tion| |and| |heart| |were| |driv en|,-+-+-+-+--+-+-
|leap| |to| |these| |arms| |un talked| |of| |and| |un seen.|,+--+-+-+-+
|ei ther| |what| |death| |or| |love| |is| |well|,+--+-+-+
|i| |dare| |not| |move| |my| |dim| |eyes| |a ny| |way|,-+++-+++-+
|not| |so| |much| |life| |as| |on| |a| |sum mer's| |day|,-+-+-+-+-+
|as| |dreams| |are| |made| |on| |and| |our| |lit tle| |life|,-+-+-+-+-+
|come| |night| |come| |ro me o| |come| |thou| |day| |in| |night|,++++--+-+-+
|to| |put| |a| |tree| |be tween| |us| |when| |he| |ligh ted|,-+-+-+-+-+-
|sleepe| |af ter| |toyle| |port| |af ter| |storm y| |seas|,+--++--+-+
|had| |in| |high| |plac es| |built| |her| |lodge| |though| |mean|,--++-+-+-+
|shrouds| |thee| |where so e'er| |thou| |shin est.|,+-+-+-+-
|though| |the| |sedge| |is| |with ered| |from| |the| |lake|,--+-+-+-+
|seek ing| |af ter| |that| |sweet| |gold en| |clime|,--+--+--+
|a rise| |from| |their| |graves| |and| |a spi re|,-+--+--+-
|in| |these| |years!| |yet| |i| |feel|,-+-+-+
|still| |still| |to| |hear| |her| |ten der| |tak en| |breath|,++-+-+-+-+
|prompt| |hand| |and| |head piece| |clev er|,++-+-+-
|where| |i| |may| |sit| |and| |see|,-+-+-+
|draw| |the| |huge| |bot toms| |through| |the| |fur rowed| |sea|,+-++-+-+-+
|van ished| |and| |left| |but| |me mo ries| |that| |should| |be| |out| |of| |sea son|,+--+-+---+-+-+-
|in| |fi e ry| |ring lets| |from| |their| |sleep|,-+--+-+-+
|there| |was| |nev er| |a| |sound| |be side| |the| |wood| |but| |one|,--+--+-+-+-+
|and| |look| |up on| |my self| |and| |curse| |my| |fate|,-+-+-+-+-+
|but| |ill| |sus tained| |and| |al most| |so| |it| |seemed|,-+-+-++--+
|he| |went| |be hind| |it| |to| |make| |his| |last| |stand.|,-+-+--+-++
|and| |on| |thy| |cheeks| |a| |fad ing| |rose|,-+-+-+-+
|that| |now| |she| |knows|,-+-+
|five| |miles| |me an der ing| |with| |a| |maz y| |mo tion|,++-+--+-+-+-
|to| |fields| |where| |flies| |no| |sharp| |and| |sid ed| |hail|,-+-+-+-+-+
|and| |there| |she| |wept| |and| |sighed| |full| |sore|,-+-+-+++
|by| |a| |flash| |of| |light ning| |or| |a| |wave|,--+-+-+-+
|an y thing| |more| |than| |the| |truth| |would| |have| |seemed| |too| |weak|,+--+--+--+-+
|nor| |did| |it| |oc cur| |to| |one| |of| |us| |there|,-+--+-+--+
|who| |was| |so| |foo lish| |as| |to| |think| |what| |he| |thought.|,--++-+-+-+-
|and| |with| |sweet| |pas times| |grace| |my| |hap py| |tomb|,--++-+-+-+
|she| |cries| |at| |them| |for| |care less ness|,-+-+-+-+
|and| |shakes| |this| |frag ile| |frame| |at| |eve|,-+-+-+-+
|take| |him| |and| |cut| |him| |out| |in| |lit tle| |stars|,+--+-+-+-+
|the| |line| |too| |la bours| |and| |the| |words| |move| |slow|,-+++---+++
|then| |die!| |that| |she|,++-+
|by| |man| |and| |beast| |and| |earth| |and| |air| |and| |sea|,-+-+-+-+-+
|rea son| |your| |vice roy| |in| |me| |me| |should| |de fend|,+--+--++--+
|in| |roar ing| |he| |shall| |rise| |and| |on| |the| |sur face| |die.|,-+-+-+-+-+-+
|in| |mo tion| |of| |no| |less| |ce ler i ty|,-+--++-+-+
|un til| |i| |cried| |and| |trem bled| |and| |rocked| |to| |and| |fro|,-+-+-+--++-+
|and| |hon ey| |wild| |and| |man na| |dew|,-+-+-+-+
|and| |though| |the| |last| |lights| |off| |the| |black| |west| |went|,-+-++--+++
|out| |walk ing| |in| |the| |fro zen| |swamp| |one| |gray| |day|,-+---+-+--+
|think| |true| |love| |act ed| |sim ple| |mod es ty.|,++++-+-+-+
|and| |sank| |his| |head| |in| |mire| |and| |slimed| |them selves|,-+-+-+-+-+
|tread| |soft ly| |be cause| |you| |tread| |on| |my| |dreams.|,++--+-+--+
|yea| |all| |which| |it| |in her it| |shall| |dis solve|,++-+-+---+
|bring| |the| |bal loon| |of| |the| |mind|,+--+--+
|and| |the| |har vest's| |done.|,--+-+
|and| |leave| |it| |there| |far| |from| |a| |use ful| |fi re place|,-+-++--+-+--
|with| |maz y| |er ror| |un der| |pen dant| |shades|,-+-+-+-+-+
|and| |all| |who| |heard| |should| |see| |them| |there|,-+-+-+-+
|next| |when| |i| |cast| |mine| |eyes| |and| |see|,+--+-+-+
|that| |had'st| |thou| |sprung|,-+-+
|what| |if| |some| |lit tle| |paine| |the| |pas sage| |haue|,-+-+-+-+-+
|thro'| |the| |clouds| |ere| |they| |div ide| |them|,+-++--+-
|then| |once| |by| |man| |and| |an gels| |to| |be| |seen|,++-+-+---+
|he| |chor tled| |in| |his| |joy.|,-+-+-+
|and| |wears| |man's| |smudge| |and| |shares| |man's| |smell| |the| |soil|,-+++-+++-+
|they| |al so| |serve| |who| |on ly| |stand| |and| |wait.|,-+-+-+-+-+
|one| |foot| |went| |through.| |the| |view| |was| |all| |in| |lines|,++---+-+-+
|and| |thy| |smiles| |be fore| |they| |dwin dle|,+-+-+-+-
|and| |stood| |a while| |in| |thought.|,-+-+-+
|give| |me| |the| |low est| |place| |or| |if| |for| |me|,+--+-+-+-+
|dare| |its| |dead ly| |ter rors| |clasp?|,+-+-+-+
|and| |i| |a woke| |and| |found| |me| |here|,-+-+-+-+
|that| |low est| |place| |too| |high| |make| |one| |more| |low|,-+-+-++--+
|that| |thus| |so| |clean ly| |i| |my self| |can| |free|,-+-+-+-+-+
|thou| |must| |have| |un com mend ed| |died.|,-+-+-+-+
|and| |now| |good| |mor row| |to| |our| |wak ing| |souls|,-+++---+-+
|and| |bring| |in| |cloud y| |night| |im med |i ate ly.,-+-+-+-+--+
|how| |si lent ly| |and| |with| |how| |wanne| |a| |face|,-+-+--++-+
|weave| |a| |cir cle| |round| |him| |thrice|,+-+-+-+
|that| |with| |mu sic| |loud| |and| |long|,+-+-+-+
|here| |in| |the| |long| |un love ly| |street|,+--+-+-+
|those| |lov ers| |scorne| |whom| |that| |love| |doth| |pos sesse?|,-+-+-++--+
|that| |run a ways'| |eyes| |may| |wink| |and| |ro me o|,-+--+-+-+-+
|by| |thy| |leave| |i| |can| |look| |i| |rise| |a gain|,-++--+-+-+
|and| |the| |yel low| |half| |moon| |large| |and| |low|,--+-+-+-+
|head| |heav y| |then| |the| |knights| |who| |watched| |him| |roared|,++-+-+-+-+
|as| |i| |gain| |the| |cove| |with| |push ing| |prow|,--+-+-+-+
|one| |flight| |out| |side ways| |would| |have| |un de ceived| |him.|,++-+---+-+-
|pass'd| |un der neath| |in gulft| |for| |god| |had| |thrown|,+--+-+-+-+
|soft| |is| |the| |strain| |when| |zeph yr| |gen tly| |blows|,+--+-+-+-+
|come| |gen tle| |night| |come| |lov ing| |black| |browed| |night|,++-+++-+++
|what| |we| |be low| |could| |not| |see| |win ter| |pass.|,-+-+-+-+-+
|come| |back| |in| |tears|,-+-+
|or| |gaz ing| |on| |the| |new| |soft| |fall en| |mask|,-+---+++-+
|close| |to| |the| |sun| |in| |lone ly| |lands|,+--+-+-+
|may| |kill| |as| |soon| |as| |death's| |cold| |hand|,-+-+-+++
|and| |stu dents| |with| |their| |pen sive| |cit a dels|,-+-+-+-+-+
|to| |me| |that| |feele| |the| |like| |thy| |state| |de scries.|,-+-+-+-+-+
|where| |alph| |the| |sa cred| |riv er| |ran|,-+-+-+-+
|a| |small| |bird| |flew| |be fore| |me.| |he| |was| |care ful|,-+++-+---+-
|and| |of ten| |is| |his| |gold| |com plex ion| |dimmed|,-+-+-+-+-+
|i| |should| |go| |with| |him| |in| |the| |gloom|,-+-+-+-+
|since| |there's| |no| |help| |come| |let| |us| |kiss| |and| |part|,+--++--+-+
|there| |hath| |he| |lain| |for| |a ges| |and| |will| |lie|,+--+-+--++
|through| |cav erns| |meas ure less| |to| |man|,-+-+-+-+
|the| |jab ber wock| |with| |eyes| |of| |flame|,-+-+-+-+
|to wards| |phoeb us'| |lodg ing!| |such| |a| |wag on er|,--+-+-+-+-+
|that| |sun ny| |dome!| |those| |caves| |of| |ice!|,-+-+-+-+
|green| |in| |a| |cup like| |hol low| |of| |the| |down.|,+--+++---+
|the| |hand| |that| |mocked| |them| |and| |the| |heart| |that| |fed|,-+-+-+-+-+
|now| |if| |thou| |wouldst| |when| |all| |have| |giv en| |him| |o ver|,+--+-+-+--+-
|far| |sunk en| |from| |the| |health y| |breath| |of| |morn|,++---+-+-+
|so| |as| |to| |say| |for| |cer tain| |i| |was| |here|,+--+-+-+-+
|a wake| |for| |ev er| |in| |a| |sweet| |un rest|,-+-+---+++
|buc| |kle!| |and| |the| |fire| |that| |breaks| |from| |thee| |then| |a| |bil lion|,+-+-+-+-+--+-
|i| |met| |a| |trav el ler| |from| |an| |an tique| |land|,-+-+--+--++
|this| |breast| |the| |thought| |of| |thee| |waits| |hid den| |yet| |bright|,-+-+-+++--+
|when| |his| |pulse| |fail ing| |pas sion| |speech less| |lies|,+-++-+-+-+
|slow| |spon dee| |stalks| |strong| |foot!| |yet| |ill| |a ble|,++-+++-+--
|let| |us| |pos sess| |one| |world| |each| |hath| |one| |and| |is| |one.|,-+-+++-+--++
|un num bered| |and| |e nor mous| |pol y pi|,++---+-+-+
|she| |found| |me| |roots| |of| |rel ish| |sweet|,-+-+-+-+
|who| |said| |two| |vast| |and| |trunk less| |legs| |of| |stone|,-+++-+-+-+
|were| |nei ther| |shamed| |in| |his| |own|,-+-+--+
|lov ers| |can| |see| |to| |do| |their| |a mor ous| |rites|,+--+-+-+--+
|but| |thy| |voice| |sounds| |low| |and| |ten der|,+-+++-+-
|speak| |low| |lean| |low|,++++
|down| |from| |the| |cause way| |heav i ly| |to| |the| |swamp|,+--+-+--+-+
|ere| |half| |my| |days| |in| |this| |dark| |world| |and| |wide|,-+-+--++-+
|as| |long| |a go| |my| |love| |how| |long| |a go .|,-+-+-+-+-+
|spread ing| |a| |shade| |the| |nai ad| |mid| |her| |reeds|,+--+-+-+-+
|stirred| |for| |a| |bird| |the| |a chieve| |of| |the| |mas te| |ry| |of| |the| |thing!|,+--+--+--+----+
|one| |thing| |to| |be| |blown| |up| |or| |fall|,++--++-+
|that| |li que fac tion| |of| |her| |clothes.|,-+-+-+-+
|and| |thou| |like| |ad |a mant draw mine i ron heart.,-+-+--+-+-+
|she| |took| |me| |to| |her| |elf in| |grot|,-+-+-+-+
|times| |told| |love li er| |more| |dan ger ous| |o my| |che val ier!|,+++---+--+---+
|which| |watch| |not| |one| |an oth er| |out| |of| |fear|,-+-+-+-+-+
|he| |there| |does| |now| |en joy| |e ter nall| |rest|,-+-+-+-+-+
|or| |snort ed| |we| |in| |the| |sev en| |sleep ers'| |den?|,-+-+--+-+-+
|of| |beau ty| |from| |the| |light| |re ti red|,-+-+-+-+-
|when| |faith| |is| |kneel ing| |by| |his| |bed| |of| |death|,-+-+-+-+-+
|may| |no| |lines| |pass| |ex cept| |they| |do| |their| |du ty|,-+++-+-+-+-
|from| |death| |to| |life| |thou| |mightst| |him| |yet| |re cov er.|,-+-+-+-+-+-
|it| |was| |a| |mir a cle| |of| |rare| |de vice|,-+-+-+-+-+
|the| |well| |ap point ed| |king| |at| |hamp ton| |pier|,-+-+-+-+-+
|whit er| |than| |new| |snow| |up on| |a| |ra ven's| |back.|,+--++---+-+
|for| |then| |i| |un dis trest|,-+-+-+
|as| |if| |this| |earth| |in| |fast| |thick| |pants| |were| |breath ing|,-+-+-+++-+-
|and| |bur bled| |as| |it| |came!|,-+-+-+
|now| |at| |the| |last| |gasp| |of| |love's| |la test| |breath|,+--++-++-+
|pulse| |for| |pulse| |breath| |for| |breath|,+-++-+
|give| |me| |the| |low est| |place| |not| |that| |i| |dare|,+--+-++--+
|what| |the| |ham mer?| |what| |the| |chain?|,+-+-+-+
|and| |close| |your| |eyes| |with| |ho ly| |dread|,-+-+-+-+
|and| |i| |am| |glad| |yea| |glad| |with| |all| |my| |heart|,-+-+++-+-+
|a| |cit y| |on| |the| |in con stant| |bil lows| |danc ing|,-+-+--+-+-+-
|when| |yel low| |leaves| |or| |none| |or| |few| |do| |hang|,-+-+-+-+-+
|that| |i| |might| |live| |and| |share|,-+-+-+
|i| |caught| |this| |mor ning| |mor ning's| |min ion| |king|,-+-+-+-+-+
|for| |love| |all| |love| |of| |oth er| |sights| |con trols|,-+++-+-+-+
|noth ing| |be side| |re mains.| |round| |the| |de cay|,+--+-++--+
|and| |i| |am| |glad| |yea| |glad| |with| |all| |my| |heart|,-+-+++-+-+
|so| |that| |i| |fear| |they| |do| |but| |bring|,+--+-+-+
|bright| |star| |would| |i| |were| |stead fast| |as| |thou| |art|,++-+-+--++
|with| |dan ish| |bar rows| |and| |a| |haz el| |wood|,-+-+-+-+-+
|that| |all| |the| |world| |will| |be| |in| |love| |with| |night|,-+-+-+-+-+
|heard| |in| |dead| |night| |a long| |that| |ta ble| |shore|,+-++-+-+-+
|like| |na ture's| |pa tient| |sleep less| |er |e mite,-+-+-+-+-+
|in to| |their| |west| |and| |straight| |a gain| |re vive|,+--+-+-+-+
|nor| |ev er| |chaste| |ex cept| |you| |rav ish| |me.|,-+-+-+-+-+
|lies| |one| |long| |sought|,-+++
|on| |what| |wings| |dare| |he| |a spi re?|,+-++--+-
|for| |so| |ap pears| |this| |fleet| |maj est i cal|,-+-+-+-+-+
|but| |when| |or| |how| |i| |can not| |tell|,-+-+-+-+
|let| |maps| |to| |oth ers| |worlds| |on| |worlds| |have| |shown|,-+-+-+-+-+
|and| |win ter| |falls| |of| |old|,-+-+-+
|be low| |the| |thun ders| |of| |the| |up per| |deep|,-+-+-+-+-+
|and| |i| |on ly| |see|,--+-+
|he| |went| |ga lumph ing| |back.|,-+-+-+
|how| |long| |a go| |i| |may| |not| |know|,-+-+-+-+
|high| |there| |how| |he| |rung| |up| |on| |the| |rein| |of| |a| |wim pling| |wing|,+---+---+--+-+
|and| |chief ly| |i| |re mem ber|,-+-+-+-
|as| |a| |bird's| |quick| |song| |runs| |round| |and| |the| |hearts| |in| |us| |hear|,--+++++--+--+
|is| |not| |great| |grace| |to| |helpe| |him| |ou er| |past|,-+++-+-+-+
|now| |at| |the| |last| |gasp| |of| |love's| |la test| |breath|,+--++-++-+
|with| |throb bings| |of| |noon tide.|,-+--++
|down| |to| |a| |sun less| |sea.|,+--+-+
|where| |wa ter falls| |a round| |it| |leap| |for| |ev er|,-+-+-+-+-+-
|and| |the| |souls| |of| |whom| |thou| |lov est|,+-+-+-+-
|straight| |up| |and| |down| |of| |tall| |slim| |trees|,++-+-+++
|slow| |slow| |fresh| |fount| |keep| |time| |with| |my| |salt| |tears|,++++++--++
|and| |sum mer's| |lease| |hath| |all| |too| |short| |a| |date|,-+-+-+++-+
|with| |kiss es| |four.|,-+-+
|the| |gray| |sea| |and| |the| |long| |black| |land|,-++--+++
|your| |force| |to| |break| |blow| |burn| |and| |make| |me| |new.|,-+-+++-+-+
|where| |no| |storms| |come|,-+++
|whit en ing| |for| |half| |a| |league| |and| |thin| |them selves|,+---+-+-+-+
|and| |les bi a| |close| |up| |thou| |my| |lit tle| |light|,-+--+-+-+-+
|in| |beds| |and| |cur i ous| |knots| |but| |na ture| |boon|,-+-+--+-+-+
|some times| |too| |hot| |the| |eye| |of| |heav en| |shines|,+-++-+-+-+
|by| |aut umn| |nut ters| |haun ted| |flour ish es|,-+-+-+-+-+
|and| |pays| |us| |but| |with| |age| |and| |dust|,-+-+-+-+
|is| |con stant| |love| |deem'd| |there| |but| |want| |of| |wit?|,-+-+++-+-+
|and| |the| |smooth| |stream| |in| |smooth er| |num bers| |flows|,--++-+-+-+
|tell| |that| |its| |sculp tor| |well| |those| |pas sions| |read|,+--+-+-+-+
|all| |mim sy| |were| |the| |bo ro goves|,++-+-+-+
|and| |all| |my| |bonds| |i| |needs| |must| |loose| |a part|,-+-+-+-+-+
|to| |do| |good| |to| |man kind| |is| |the| |chiv al rous| |plan|,--+--+--+--+
|and| |high| |in| |hea ven| |be hind| |it| |a| |gray| |down|,-+-+--+--++
|and| |fur ther| |from| |it| |dai ly| |wan der est|,-+-+-+-+-+
|nor| |lose| |pos ses sion| |of| |that| |fair| |thou| |ow'st|,-+-+-+-+-+
|but| |thy| |e ter nal| |sum mer| |shall| |not| |fade|,-+-+-+-+-+
|when| |we| |have| |wan dered| |all| |our| |ways|,-+-+-+-+
|and| |seek| |with| |pain| |their| |e ver| |dur ing| |night.|,-+-+-+-+-+
|with| |the| |slow| |smoke less| |burn ing| |of| |de cay.|,--++-+-+-+
|i| |saw| |their| |starved| |lips| |in| |the| |gloam|,-+-++--+
|maids| |at| |the| |wheel| |the| |weav er| |at| |his| |loom|,+--+-+-+-+
|and| |all| |should| |cry| |be ware!| |be ware!|,-+-+-+-+
|that| |is| |most| |dif fi cult.|,+-++-+
|i| |must| |stop| |short| |of| |thee| |the| |whole| |day| |long.|,--++---+++
|where on| |mad| |fing ers| |play|,--++-+
|my| |name| |is| |oz y man di as| |king| |of| |kings|,-+-+-+--+-+
|the| |one| |the| |oth er| |will| |con tain|,-+-+-+-+
|not| |so| |when| |swift| |ca mil la| |scours| |the| |plain|,-+-+-+-+-+
|but| |i| |be ing| |poor| |have| |on ly| |my| |dreams|,-+--+-+--+
|how| |sweet| |and| |fair| |she| |seems| |to| |be.|,-+-+-+-+
|where| |woods| |and| |winds| |con tend| |and| |a| |vast| |riv er|,-+-+-+--++-
|so| |twice| |five| |miles| |of| |fer tile| |ground|,-+++-+-+
|but| |as| |at| |first| |when| |our| |day| |was| |fair.|,+--+--+-+
|thou| |so ber| |suit ed| |ma tron| |all| |in| |black|,-+-+-+-+-+
|de scends| |on| |me| |my| |spir it's| |bark| |is| |driv en|,-+-+-+-+-+-
|so| |moves| |the| |de vice| |whence| |round| |as| |a| |pearl| |or| |tear|,-+--+-+--+-+
|and| |'mid| |these| |danc ing| |rocks| |at| |once| |and| |ev er|,-+-+-+-+-+-
|and| |song less| |plo ver|,-+-+-
|and| |no| |birds| |sing.|,-+++
|and| |try| |if| |we| |can not| |feel| |for sak en.|,-+--+-+-+-
|had| |wound| |strings| |round| |and| |round| |it| |like| |a| |bun dle.|,-+++-+---+-
|borne| |with| |the| |in vis |i ble and creep ing wind,+---+-+-+-+
|by| |rea son| |of| |his| |fall en| |div in i ty|,-+-+-+--+-+
|those| |lov ers| |scorne| |whom| |that| |love| |doth| |pos sesse?|,-+-+-++--+
|from| |sul len| |earth| |sings| |hymns| |at| |heav en's| |gate|,-+-+++-+-+
|the| |same| |year| |af ter| |year|,-++--+
|that| |not| |one| |hour| |my self| |i| |can| |sus tain.|,-+++-+---+
|till| |you| |have| |drenched| |our| |stee ples| |drowned| |the| |cocks.|,+--+-+-+-+
|the| |brain| |is| |just| |the| |weight| |of| |god|,-+-+-+-+
|come| |back| |to| |me| |in| |dreams| |that| |i| |may| |give|,-+-+-+-+-+
|droop| |herbs| |and| |flow ers|,++-+-
|the| |sol emn| |tem ples| |the| |great| |globe| |it self|,-+-+--++-+
|with| |ease| |and| |you| |be side|,-+-+-+
|o| |round| |mine| |eyes| |your| |tress es| |shake!|,-+-+-+-+
|then| |blood y| |swords| |and| |ar mor| |should| |not| |be|,-+-+-+-+-+
|and| |they| |will| |dif fer| |if| |they| |do|,-+-+-+-+
|blow| |winds| |and| |crack| |your| |cheeks.| |rage| |blow.|,++-+-+++
|like| |cloud| |on| |cloud.| |no| |stir| |of| |air| |was| |there|,-+-+++-+-+
|when| |faith| |is| |kneel ing| |by| |his| |bed| |of| |death|,-+-+-+-+-+
|a| |tap| |at| |the| |pane| |the| |quick| |sharp| |scratch|,-+--+-+++
|what| |held| |it| |though| |on| |one| |side| |was| |a| |tree|,-+-+-++--+
|to| |such| |a| |deep| |de light| |'twould| |win| |me|,-+-+-+-+-
|how| |at| |once| |should| |i| |know|,+-+--+
|in| |the| |for ests| |of| |the| |night|,+-+-+-+
|o ver| |and| |o ver.|,+--+-
|doth| |god| |ex act| |day| |la bor| |light| |de nied?|,-+-+++-+-+
|pause| |an swer| |to| |pause| |and| |a gain| |the| |same| |strain| |caught|,++--+--+-+++
|most| |en ui ous| |man| |that| |grieues| |at| |neigh bours| |good|,++--+-+-+-+
|up on| |those| |boughs| |which| |shake| |a gainst| |the| |cold|,-+-+-+-+-+
|with| |des pair?|,--+
|car ry| |him| |off| |the| |way| |i| |might| |have| |gone|,+--+-+-+-+
|from| |long| |to| |long| |in| |sol emn| |sort.|,-+-+-+-+
|that| |i| |may| |rise| |and| |stand| |o'er throw| |me| |and| |bend|,-+-+-+++--+
|true| |ease| |in| |writ ing| |comes| |from| |art| |not| |chance|,++-+-+-+-+
|and| |from| |which| |earth| |and| |grave| |and| |dust|,-+-+-+-+
|to| |love| |that| |well| |which| |thou| |must| |leave| |ere| |long.|,-+-+-+-+-+
|i| |have| |spread| |my| |dreams| |un der| |your| |feet|,--+-++--+
|whose| |sails| |were| |nev er| |to| |the| |tem pest| |giv en|,-+-+-+-+-+-
|o| |rose| |thou| |art| |sick!|,-+--+
|ease| |af ter| |warre| |death| |af ter| |life| |does| |great ly| |please.|,+--++--+-+-+
|to| |mor row| |comes| |de cem ber|,-+-+-+-
|still| |as| |the| |si lence| |round| |a bout| |his| |lair|,+--+-+-+-+
|i| |run| |i| |run| |i| |am| |gath ered| |to| |thy| |heart.|,-+-+--+-+-+
|that| |on| |the| |ash es| |of| |his| |youth| |doth| |lie|,-+-+-+-+-+
|huge| |spon ges| |of| |mil len ni al| |growth| |and| |height|,++---+--+-+
|wa ter'd| |the| |gar den| |thence| |u nit ed| |fell|,+--+-+-+-+
|and| |all| |the| |pave ment| |streamed| |with| |mas sa cre.|,-+-+-+-+-+
|let| |sea| |dis cover ers| |to| |new| |worlds| |have| |gone|,-+-+--++-+
|ah| |sun| |flow er| |wear y| |of| |time|,-+--+--+
|rose| |a| |fresh| |foun tain| |and| |with| |man y| |a| |rill|,+-++-+-+--+
|her| |from| |her| |lo ver|,+--+-
|i| |shun| |the| |love| |that| |lurks| |in| |all| |de light|,-+-+-+-+-+
|i| |paused| |and| |said| |i| |will| |turn| |back| |from| |here.|,-+-++--+-+
|and| |like| |this| |in sub stan tial| |pag eant| |fad ed|,-+-+-+-+-+-
|the| |smalle| |rayne| |downe| |can| |rayne|,-+++-+
|the| |in vis |i ble worm,--+--+
|but| |our| |old| |sub tle| |foe| |so| |tempt eth| |me|,--++-+-+-+
|of| |night| |and| |light| |and| |the| |half| |light|,-+-+--++
|and| |there| |i| |dreamed| |ah!| |woe| |be tide!|,-+-+++-+
|and| |he| |will| |make| |the| |face| |of| |heav en| |so| |fine|,-+-+-+-+--+
|dark| |house| |by| |which| |once| |more| |i| |stand|,++--++-+
|there| |hath| |he| |lain| |for| |a ges| |and will| |lie|,+--+-+--++
|sat| |gray| |hair'd| |sat urn| |qui et| |as| |a| |stone|,++++-+---+
|he| |end ed| |ar thur| |knew| |the| |voice| |the| |face|,-+-+-+-+-+
|with| |thy| |black| |man tle| |till| |strange| |love| |grow| |bold|,--++--++++
|now| |lend ing| |splen dour| |where| |from| |se cret| |springs|,-+-+-+-+-+
|that| |time| |of| |year| |thou| |mayst| |in| |me| |be hold|,-+-+-+-+-+
|do| |they| |call| |ver tue| |there| |un grate ful nesse?|,-+-+-+-+-+
|i| |am| |borne| |dark ly| |fear ful ly| |a far|,--++-+-+-+
|o| |dream| |how| |sweet| |too| |sweet| |too| |bit ter| |sweet|,-+-+++-+-+
|her| |sym pho ny| |and| |song|,-+-+-+
|so| |hag gard| |and| |so| |woe| |be gone?|,-+--++-+
|''twas| |bril lig| |and| |the| |slith y| |toves|,-+-+-+-+
|in| |those| |looks| |where| |who so| |gaz es|,+-+-+-+-
|to| |strike| |him| |o ver bal anc ing| |his| |bulk|,-+-+-+-+-+
|o| |frab jous| |day!| |cal looh!| |cal lay!|,-+-+-+-+
|who| |see| |her| |go ing| |lo ver less|,-+-+-+-+
|than| |the| |two| |hearts| |beat ing| |each| |to| |each!|,--+++-+-+
|or| |chaf fy| |grain| |be neath| |the| |thresh er's| |flail|,-+-+-+-+-+
|on ly| |thou| |art| |a bove| |and| |when| |towards| |thee|,+-+--+-+-+
|ding| |dong.|,++
|where| |the| |trav el ler's| |jour ney| |is| |done|,--+--+--+
|how| |small| |a| |part| |of| |time| |they| |share|,-+-+-+-+
|one| |two!| |one| |two!| |and| |through| |and| |through|,-+-+-+-+
|and| |half| |inch| |fis sures| |in| |the| |slip per y| |rock|,-+++---+--+
|o| |mem o ry| |hope| |and| |love| |of| |fin ished| |years .|,-+--+-+-+-+
|up on| |the| |hem pen| |tack le| |ship boys| |climb ing|,-+-+-+-+-+-
|she| |looked| |at| |me| |as| |she| |did| |love|,-+-+-+-+
|are| |with| |me| |from| |the| |past|,-+-+-+
|when| |in| |e ter nal| |lines| |to| |time| |thou| |grow'st|,-+-+-+-+-+
|and| |then| |a gain| |i| |have| |been| |told|,-+-++--+
|burns| |bright| |or| |dim| |as| |each| |are| |mir rors| |of|,++-+-+-+-+
|fall| |win ter| |fall| |for| |he|,++-+-+
|has| |wo ven| |a| |win ter| |robe|,-+--+-+
|can| |judge| |of| |love| |thou| |feel'st| |a| |lov er's| |case|,-+-+-+-+-+
|as| |af ter| |sun set| |fad eth| |in| |the| |west|,-+-+-+-+-+
|how| |from| |that| |sap phire| |fount| |the| |crisp ed| |brooks|,+--+-+-+-+
|nor| |less| |when| |spring| |had| |warmed| |the| |cul tured| |vale|,-+-+-+-+-+
|an ces tral| |voic es| |pro phes y ing| |war!|,-+-+-+-+-+
|on ly| |the| |mon strous| |an ger| |of| |the| |guns.|,+--+-+-+-+
|when| |you| |had| |changed| |from| |the| |one| |who| |was| |all| |to| |me|,+--+--+--+--
|played| |for| |a| |pair| |of| |stain less| |mai den hoods.|,+--+-+-+-+
|my| |sweet est| |les bi a| |let| |us| |live| |and| |love|,-+-+--+-+-+
|lov ers| |can| |see| |to| |do| |their| |a mor ous| |rites|,+--+-+-+--+
|still| |grow ing| |and| |on| |one| |a| |stake| |and| |prop|,++---+-+-+
|rid dled| |with| |light.| |ah!| |when| |the| |ghost| |be gins| |to| |quick en|,+--++--+-+-+-
|three| |fields| |to| |cross| |till| |a| |farm| |ap pears|,++-+--+-+
|with| |a| |leap| |and| |a| |bound| |the| |swift| |an |a pests throng.,--+--+--+--+
|thou| |so ber| |suit ed| |ma tron| |all| |in| |black|,-+-+-+-+-+
|with out| |sharp| |north| |with out| |de clin ing| |west?|,-+++-+-+-+
|be low| |the| |thun ders| |of| |the| |up per| |deep|,-+-+-+-+-+
|to| |fright| |the| |frost| |out| |of| |the| |grave.|,-+-++--+
|that| |mur mur| |soon| |re plies| |god| |doth| |not| |need|,-+-+-++--+
|his| |ov er coat| |for| |ev er|,-+-+-+-
|the| |mov ing| |wa ters| |at| |their| |priest like| |task|,-+-+-+-+-+
|i| |must| |not| |think| |of| |thee| |and| |ti red| |yet| |strong|,-+-+-+-+--+
|v pon| |the| |banke| |yet| |wilt| |thy| |selfe| |not| |passe| |the| |flood?|,-+-+-+-+++-+
|prompt| |hand| |and| |head piece| |clev| |er|,++-+-+-
|she| |dotes| |on| |what| |the| |wild| |birds| |say|,-+-+-+++
|un less| |a larm| |came| |from| |the| |camp| |of| |love.|,-+-++--+-+
|fall| |grief| |in| |show ers|,++-+-
|so| |rest ed| |he| |by| |the| |tum tum| |tree|,-+-+--+-+
|be cause| |of| |all| |things| |known|,-+-+++
|that| |seemed| |as| |though| |ice| |burned| |and| |was| |but| |the| |more| |ice|,-+--++-+--++
|a| |stream| |went| |voice less| |by| |still| |dead en'd| |more|,-+-+-+++-+
|shuts| |up| |the| |sto ry| |of| |our| |days|,++-+---+
|the| |mass y| |earth| |and| |spher ed| |skies| |are| |riv en!|,-+-+-+-+-+-
|is| |bare| |now| |nor| |can| |foot| |feel| |be ing| |shod.|,-+-+-++--+
|up on| |the| |rap id| |cur rent| |which| |through| |veins|,-+-+-+-+-+
|with| |thy| |black| |man tle| |till| |strange| |love| |grow| |bold|,--++--++++
|who| |count est| |the| |steps| |of| |the| |sun|,-+--+--+
|i| |won der| |by| |my| |troth| |what| |thou| |and| |i|,-+-+-+-+-+
|and| |like| |a| |laugh ing| |string|,-+-+-+
|must| |purl ing| |streams| |re fresh| |a| |lov er's| |loves?|,-+-+-+-+-+
|em bark| |his| |roy al ty| |and| |his| |brave| |fleet|,-+-+-+--++
|now| |dark| |now| |glit ter ing| |now| |re flect ing| |gloom|,-+-+--+-+-+
|and| |pay| |no| |wor ship| |to| |the| |gar ish| |sun.|,-+++---+-+
|a| |sun ny| |pleas ure| |dome| |with| |caves| |of| |ice!|,-+-+-+-+-+
|sure| |if| |that| |long| |with| |love| |ac quaint ed| |eyes|,+--+-+-+-+
|or| |some where| |else| |i| |was| |just| |far| |from| |home.|,-+-++--+-+
|wind| |ooz ing| |thin| |through| |the| |thorn| |from| |nor ward|,+--+--+-+-
|came| |whif fling| |through| |the| |tul gey| |wood|,-+-+-+-+
|where| |thirst ing| |long ing| |eyes|,-+-+-+
|fall| |gall| |them selves| |and| |gash| |gold| |ver mil ion.|,++---++-+-
|in| |sun dry| |moods| |'twas| |pas time| |to| |be| |bound|,-+-+-+-+-+
|thro'| |the| |vest| |which| |seems| |to| |hide| |them|,+-+-+-+-
|with| |hor rid| |warn ing| |gap| |d| |wide|,-+-+-+-+
|'tis| |not| |e nough| |no| |harsh ness| |gives| |of fence|,-+-+-+-+-+
|whit er| |than| |new| |snow| |up on| |a| |ra ven's| |back.|,+--++---+-+
|i| |have| |been| |here| |be fore|,+--+-+
|and| |there| |were| |gar dens| |bright| |with| |sin u ous| |rills|,-+-+-+-+--+
|a bout| |her| |lo ver.|,-+-+-
|the| |lord| |shall| |raise| |me| |up| |i| |trust.|,-+-+-+-+
|and| |learn| |me| |how| |to| |lose| |a| |win ning| |match|,-+-+-+-+-+
|o ver| |the| |land| |freck led| |with| |snow| |half| |thawed|,+--++--+++
|in| |his| |ec sta sy!| |then| |off| |off| |forth| |on| |swing|,--+---+++-+
|bat ten ing| |up on| |huge| |sea worms| |in| |his| |sleep|,+---+++---+
|this| |thou| |per ceiv'st| |which| |makes| |thy| |love| |more| |strong|,+--+-+-+-+
|diz zy| |lost| |yet| |un be wail ing!|,+-+-+-+-
|and| |piled| |and| |mea sured| |four| |by| |four| |by| |eight.|,-+-+-+-+-+
|no| |i| |will| |go| |on| |far ther| |and| |we| |shall| |see.|,+--+-+--+-+
|it| |was| |an| |ab ys sin i an| |maid|,-+-+-+--+
|then| |now| |per chance| |a gain!|,++-+-+
|be hold| |me| |for| |i| |can not| |sleep|,-+-+-+-+
|that| |brave| |vi bra tion| |each| |way| |free|,-+-+-+++
|it| |sinks| |and| |i| |am| |read y| |to| |de part.|,-+-+-+-+-+
|as| |i| |fore told| |you| |were| |all| |spir its| |and|,-+-+--++-+
|a bout| |his| |sha dow y| |sides| |a bove| |him| |swell|,-+-+--+-+-+
|he| |thought| |that| |i| |was| |af ter| |him| |for| |a| |feath er|,+--+-+--+-+-
|i| |am| |his| |high ness'| |dog| |at| |kew|,-+-+-+-+
|is| |it| |no| |verse| |ex cept| |en chant ed| |groves|,+-++-+-+-+
|doors| |where| |my| |heart| |was| |used| |to| |beat|,+--+-+-+
|when| |the| |stars| |threw| |down| |their| |spears|,+-+++-+
|i| |fond ly| |ask| |but| |pa tience| |to| |pre vent|,-+-+-+-+-+
|and| |when| |we| |meet| |at| |an y| |time| |a gain|,-+-+-+-+-+
|are| |beau ties| |there| |as| |proud| |as| |here| |they| |be?|,-+-+-+-+-+
|whose| |wak en ing| |should| |have| |been| |in| |par a dise|,-+--+-+-+-+
|but| |with| |the| |swift| |a lone.|,-+-+-+
|and| |no| |birds| |sing.|,-+++
|by| |the| |em bers| |in| |hearth side| |ease.|,--+--+-+
|as| |sun light| |on| |a| |stream|,-+-+-+
|how| |dick| |would| |hate| |the| |cold.|,-+-+-+
|crack| |na ture's| |moulds| |all| |ger mains| |spill| |at| |once|,++-+++-+-+
|with| |their| |love| |the| |breath| |be tween| |them|,+-+-+-+-
|and| |the| |mome| |raths| |out grabe.|,--++-+
|who| |says| |that| |fic tions| |on ly| |and| |false| |hair|,++-+-+--++
|next| |when| |i| |cast| |mine| |eyes| |and| |see|,+--+-+-+
|then| |then| |me thinks| |how| |sweet ly| |flows|,++-+-+-+
|a mazed| |a mazed| |a mazed| |a mazed.|,-+-+-+-+
|the| |soul| |of| |a do na is| |like| |a| |star|,-+-+-+-+-+
|bear| |with| |my| |weak ness| |my| |old| |brain| |is| |trou bled.|,+--+--++-+-
|the| |touch| |of| |earth ly| |years.|,-+-+-+
|if| |our| |two| |loves| |be| |one| |or| |thou| |and| |i|,-+++-+-+-+
|re buffed| |the| |big| |wind.| |my| |heart| |in hid ing|,-+-++-+-+-
|when| |a| |man| |hath| |no| |free dom| |to| |fight| |for| |at| |home|,--+--+--+--+
|or| |is| |it| |on ly| |the| |breeze| |in| |its| |list less ness|,+--+--+--+--
|spread| |thy| |close| |cur tain| |love| |per form ing| |night|,+-++-+-+-+
|the| |noise| |of| |life| |be gins| |a| |gain|,-+-+-+-+
|when| |a jax| |strives| |some| |rock's| |vast| |weight| |to| |throw|,-+-+++++-+
|as| |yet| |but| |knock| |breathe| |shine| |and| |seek| |to| |mend|,-+-+++-+-+
|win now| |with| |gi ant| |arms| |the| |slum ber ing| |green.|,+--+-+-+--+
|life| |of| |life!| |thy| |lips| |en kin dle|,+-+-+-+-
|to| |me| |that| |feele| |the| |like| |thy| |state| |de scries.|,-+-+-+-+-+
|and| |shout ed| |and| |leapt| |down| |up on| |the| |fall en|,-+--++-+-+-
|as| |the| |ra di ant| |lines| |of| |morn ing|,+-+--+-+-
|and| |all| |my| |pleas ures| |are| |like| |yes ter day.|,-+-+--++-+
|and| |crown| |with| |love| |my| |e ver| |dur ing| |night.|,-+-+-+-+-+
|i| |see| |a| |lil y| |on| |thy| |brow|,-+-+-+-+
|is| |round ed| |with| |a| |sleep.| |sir| |i| |am| |vexed.|,-+-+-++--+
|where| |the| |green| |swell| |is| |in| |the| |ha vens| |dumb|,--++-+-+-+
|to| |doubt| |they| |were| |kneel ing| |then.|,-+--+-+
|that| |thus| |so| |clean| |ly| |i| |my self| |can| |free|,-+-+-+-+-+
|that| |li que fac tion| |of| |her| |clothes.|,-+-+-+-+
|wo man| |much| |missed| |how| |you| |call| |to| |me| |call| |to| |me|,+--+--+--+--
|and| |not| |a noth er| |like| |it| |could| |i| |see.|,-+-+-+-+-+
|like| |melt ing| |snow| |up on| |some| |crag gy| |hill|,-+-+-+-+-+
|ask| |for| |that| |low est| |place| |but| |thou| |hast| |died|,+--+-+-+-+
|a gain| |it| |is| |due?|,-+--+
|the| |shad ow| |of| |the| |dome| |of| |pleas ure|,-+-+-+-+-
|to| |wards| |phoeb us'| |lodg ing!| |such| |a| |wag on er|,--+-+-+-+-+
|shep herds| |are| |hon est| |peo ple| |let| |them| |sing|,+--+-+-+-+
|there| |tram pled| |out| |his| |face| |from| |be ing| |known|,++-+-+---+
|nuns| |fret| |not| |at| |their| |con vent's| |nar row| |room|,+++--+-+-+
|but| |just| |when| |at| |that| |swal low's| |soar|,-++--+-+
|and| |the| |pale| |vir gin| |shroud ed| |in| |snow|,--+--+--+
|his| |an cient| |dream less| |un in va ded| |sleep|,-+-+-+-+-+
|shake| |hands| |for ev er| |can cel| |all| |our| |vows|,++-+-+-+-+
|hark!| |now| |i| |hear| |them| |ding| |dong| |bell.|,+--+-+++
|why| |wilt| |not| |let| |him| |pass| |that| |long| |hath| |stood|,+--+-+-+-+
|what's| |that| |but| |to| |lie|,-+--+
|there| |lives| |the| |dear est| |fresh ness| |deep| |down| |things|,-+-+-+-+++
|no| |drum| |nor| |trum pet| |peace ful| |sleeps| |should| |move|,-+-+-+-+-+
|say ing| |that| |now| |you| |are| |not| |as| |you| |were|,+--+--+--+
|bat ten ing| |up on| |huge| |sea worms| |in| |his| |sleep|,+---+++---+
|as| |i| |feel| |now| |lost| |for e ver!|,-+-++-+-
|next| |when| |i| |cast| |mine| |eyes| |and| |see|,+--+-+-+
|dom| |of| |day light's| |dau phin| |dap ple| |dawn| |drawn| |fal con| |in| |his| |rid ing|,--+-+---+-+---+-
|the| |fi re| |for| |which| |all| |thirst| |now| |beams| |on| |me|,-+--+++++-+
|can| |pat ter| |out| |their| |hast y| |or i sons.|,-+-+-+-+-+
|and| |a| |voice| |less| |loud| |thro'| |its| |joys| |and| |fears|,--+-+--+-+
|south ward| |through| |e den| |went| |a| |riv er| |large|,+--+-+-+-+
|that| |o pen ing| |let ting| |in| |lets| |out| |no| |more .|,-+--+-+-+++
|when| |in| |dis grace| |with| |for tune| |and| |men's| |eyes|,+--+-+--++
|in| |me| |thou| |seest| |the| |glow ing| |of| |such| |fi re|,-+-+-+--++-
|then| |then| |me thinks| |how| |sweet ly| |flows|,++-+-+-+
|for| |he| |on| |hon ey| |dew| |hath| |fed|,-+-+-+-+
|and| |so| |live| |ev er| |or| |else| |swoon| |to| |death.|,-+++---+-+
|and| |he| |will| |make| |the| |face| |of| |heav en| |so| |fine|,-+-+-+-+--+
|in to| |its| |nar row| |shed.|,+--+-+
|such| |ter ror| |and| |my| |fee ble| |flesh| |doth| |waste|,++---+-+-+
|be| |not| |dis turbed| |with| |my| |in fir mi ty.|,-+-+-+-+-+
|and| |coun try| |where of| |here| |needs| |no| |ac count|,-+-+-+-+-+
|yet| |i| |have| |heard| |they| |both| |bear| |darts|,-+-+-+++
|but| |let| |the| |drunk ard| |as| |he| |stretched| |from| |horse|,-+-+-+-+-+
|when| |night| |gives| |pause| |to| |the| |long| |watch| |i| |keep|,-+++--++-+
|a| |roun del| |is| |wrought| |as| |a| |ring| |or| |a| |star bright| |sphere|,-+--+--+--+++
|hear| |the| |shrill| |whist le| |which| |doth| |or der| |give|,+-++-+-+-+
|bat ter| |my| |heart| |three| |per soned| |god| |for| |you|,+--+++-+-+
|'twas| |bril lig| |and| |the| |slith y| |toves|,-+-+-+-+
|the| |hoarse| |rough| |verse| |shou'd| |like| |the| |tor rent| |roar.|,-+++-+-+-+
|with| |craft| |of| |de light| |and| |with| |cun ning| |of| |sound| |un sought|,-+--+--+--+-+
|that| |bus ie| |arch er| |his| |sharpe| |ar rowes| |tries?|,-+-+--++-+
|the| |night| |is| |freez ing| |fast|,-+-+-+
|give| |me| |my| |ro me o| |and| |when| |he| |shall| |die|,+--+--+-+-+
|not| |with out| |fee ble| |point ed| |spikes| |of| |flow ers|,+-++-+-+-+-
|so| |long| |as| |men| |can| |breathe| |or| |eyes| |can| |see|,-+-+-+-+-+
|pray| |tell| |me| |sir| |whose| |dog| |are| |you?|,-+-++--+
|and| |sure| |in| |lang uage| |strange| |she| |said|,-+-+-+-+
|win now| |with| |gi ant| |arms| |the| |slum ber ing| |green.|,+--+-+-+--+
|and| |for| |all| |this| |na ture| |is| |nev er| |spent|,--+++--+-+
|and| |fond| |that| |ioy est| |in| |the| |woe| |thou| |hast|,-+-+-+-+-+
|the| |brain| |is| |wid er| |than| |the| |sky|,-+-+-+-+
|to| |be| |brought|,--+
|can| |judge| |of| |love| |thou| |feel'st| |a| |lov er's| |case|,-+-+++-+-+
|as| |the| |death bed| |where on| |it| |must| |ex pi re|,--++-+-+-+-
|she| |nei ther| |hears| |nor| |sees|,-+-+-+
|of| |earth| |and| |with| |what| |mo tion| |moved| |the| |clouds!|,-+--++-+-+
|and| |like| |the| |base less| |fab ric| |of| |this| |vi sion|,-+-+-+-+-+-
|and| |all| |feel| |yet| |see| |thee| |nev er|,-++-+-+-
|some one| |who| |lived| |in| |turn ing| |to| |fresh| |tasks|,+--+-+--++
|with| |a| |foul| |witch|,--++
|he| |is| |not| |here| |but| |far| |a way|,-+-+-+-+
|you| |cat a racts| |and| |hur ri ca noes| |spout|,-+-+-+-+-+
|i| |made| |a| |gar land| |for| |her| |head|,-+-+-+-+
|then| |then| |me thinks| |how| |sweet ly| |flows|,++-+-+-+
|the| |love| |of| |thee| |and| |in| |the| |blue| |heaven's| |height|,-+-+---+++
|hands| |do| |what| |you're| |bid|,++--+
|sea| |nymphs| |ho ur ly| |ring| |his| |knell|,+-+--+-+
|what| |may| |it| |be| |that| |e ven| |in| |heav en ly| |place|,+--+-+--+--+
|i| |for got| |him| |and| |let| |his| |lit tle| |fear|,+-+--+-+-+
|from| |the| |foun tain| |and| |the| |caves.|,+-+-+-+
|in| |clus ter| |then| |a| |moul dered| |church| |and| |high er|,-+-+-+-+-+-
|child| |of| |light!| |thy| |limbs| |are| |burn ing|,+-+-+-+-
|where| |my| |sun| |flow er| |wish es| |to| |go.|,--+--+--+
|and| |when| |thy| |heart| |be gan| |to| |beat|,-+-+-+-+
|that| |we| |one| |jot| |of| |for mer| |love| |re tain.|,-+++-+-+-+
|come| |with| |soft| |round ed| |cheeks| |and| |eyes| |as| |bright|,+-++-+-+-+
|and| |quench| |its| |speed| |i'| |the| |slush y| |sand.|,-+-+--+-+
|but| |where| |the| |dead| |leaf| |fell| |there| |did| |it| |rest.|,-+-++++--+
|her| |hair| |was| |long| |her| |foot| |was| |light|,-+-+-+-+
|did| |till| |we| |loved| |were| |we| |not| |weaned| |till| |then?|,+--++--+-+
|if| |you| |be| |pleased| |re tire| |in to| |my| |cell|,-+-+-+-+-+
|and| |ver y| |few| |to| |love.|,-+-+-+
|thus| |i| |fal ter ing| |for ward|,+++--+-
|of| |crim son| |joy|,-+-+
|and| |that| |was| |my| |long| |scythe| |whis per ing| |to| |the| |ground.|,-+--+++--+-+
|and| |in no cence| |is| |clos ing| |up| |his| |eyes|,-+-+-+-+-+
|that| |i| |would| |not| |have| |that| |view|,--+-+-+
|shall| |we| |not| |lie| |as| |we| |have| |lain|,-+-+-+-+
|to| |feel| |for| |ev er| |its| |soft| |fall| |and| |swell|,-+-+--++-+
|in| |what| |fur nace| |was| |thy| |brain?|,+-+-+-+
|pale| |war ri ors| |death| |pale| |were| |they| |all|,++--+---+
|un til| |next| |may|,-+++
|en fold ing| |sun ny| |spots| |of| |green er y.|,-+-+-+-+-+
|noth ing| |of| |him| |that| |doth| |fade|,+-+-+-+
|be ware| |the| |jab ber wock| |my| |son!|,-+-+-+-+
|faints| |en tan gled| |in| |their| |maz es.|,+-+-+-+-
|that| |they| |will| |be| |o ver| |and| |done|,-+--+--+
|a| |long| |street| |climbs| |to| |one| |tall| |tow ered| |mill|,-+++-+++-+
|to| |the| |cham ber| |where|,--+-+
|i am bics| |march| |from| |short| |to| |long.|,-+-+-+-+
|but| |doth| |suf fer| |a| |sea| |change|,+-+--++
|and| |made| |of| |earth| |and| |sea|,-+-+-+
|my| |heart| |had| |shrunk| |as| |thin!|,-+-+-+
|well| |nigh| |was| |hel met| |hid den| |and| |the| |name|,++-+-+---+
|huge| |frag ments| |vault ed| |like| |re bound ing| |hail|,++-+---+-+
|pil low'd| |up on| |my| |fair| |love's| |rip en ing| |breast|,+--+-+++--+
|thrush| |black bird| |all| |that| |sing| |in| |may|,++-+-+-+
|and| |ar thur| |deigned| |not| |use| |of| |word| |or| |sword|,-+-+-+-+-+
|like| |the| |fair est| |for| |it| |folds| |thee|,+-+-+-+-
|in| |the| |wild| |woods| |a mong| |the| |moun tains| |lone|,--++-+-+-+
|i| |have| |de si red| |to| |go|,+--+--+
|pour'd| |forth| |pro fuse| |on| |hill| |and| |dale| |and| |plain.|,++-+-+-+-+
|what| |may| |it| |be| |that| |e ven| |in| |heav'n ly| |place|,+--+-+--+-+
|come| |to| |me| |in| |the| |si lence| |of| |the| |night|,+--+-+-+-+
|spread| |thy| |close| |cur tain| |love| |per form ing| |night|,+-++-+-+-+
|his| |ov er coat| |for| |ev er|,-+-+-+-
|e ven| |to| |the| |or ig in al| |air| |blue| |gown!|,+----+--+++
|heard| |no| |more| |a gain| |far| |or| |near?|,+-+--+-+
|from| |less| |and| |less| |to| |noth ing| |thus| |he| |fell|,-+-+-+-+-+
|and| |bring| |in| |cloud y| |night| |im med |i ate ly.,-+-+-+-+--+
|a| |se cret| |and| |that| |thru shes| |chide|,-+-+-+-+
|go| |love ly| |rose!|,++-+
|i| |look| |in to| |my| |glass|,-++--+
|the| |wood| |was| |gray| |and| |the| |bark| |warp ing| |off| |it|,-+-+--++-+-
|gal lop| |a pace| |you| |fier y| |foot ed| |steeds|,+--+-+-+-+
|when| |i| |re sem ble| |her| |to| |thee|,-+-+-+-+
|my| |face| |in| |thine| |eye| |thine| |in| |mine| |ap pears|,++-+-+-+-+
|who| |have| |felt| |the| |weight| |of| |too| |much| |li ber ty|,--+-+-+++-+
|lodged| |with| |me| |use less| |though| |my| |soul| |more| |bent|,+--+-+-+-+
|hood| |my| |un manned| |blood| |bat ing| |in| |my| |cheeks|,+--+++---+
|what| |im mor tal| |hand| |or| |eye|,+-+-+-+
|a| |roun del| |is| |wrought.|,-+--+
|that| |brave| |vi bra tion| |each| |way| |free|,-+-+-+++
|wish ing| |me| |like| |to| |one| |more| |rich| |in| |hope|,+--+-+-+-+
|full| |beau ti ful| |a| |fae ry's| |child|,++-+-+-+
|rid dle| |who| |list| |for| |me| |and| |pull| |for| |prime|,+--+-+-+-+
|hold ing| |due| |course| |to| |har fleur.| |fol low| |fol low!|,+-++-+++-+-
|fall| |as| |the| |crest| |of| |some| |slow| |arch ing| |wave|,+--+--++-+
|them| |to| |know| |them| |gone.|,--+-+
|yet| |in| |these| |thoughts| |my self| |al most| |de spis ing|,+-++-+-+-+-
|let| |him| |com bat| |for| |that| |of| |his| |neigh bours|,--+--+--+-
|be come| |a| |verse?| |is| |there| |in| |truth| |no| |beau ty?|,-+-+-+-+-+-
|i| |reade| |it| |in| |thy| |lookes| |thy| |lan guisht| |grace|,-+-+-+-+-+
|make| |the| |cold| |air| |fi re| |then| |screen| |them|,+-+++--+-
|they| |leave| |us| |so| |to| |the| |way| |we| |took|,-+-+--+-+
|they| |dwelt| |in| |their| |straw y| |pen|,-+--+-+
|and| |blue| |spurt| |of| |a| |light ed| |match|,-++--+-+
|it| |best| |a grees| |with| |night.| |come| |civ il| |night|,-+-+-+++-+
|na ture| |i| |loved| |and| |next| |to| |na ture| |art|,+--+-+-+-+
|pale| |or chis es| |and| |scared| |a| |bright| |green| |snake.|,++---+-+++
|give| |me| |my| |ro me o| |and| |when| |he| |shall| |die|,+--+--+-+-+
|shine| |and| |blue| |bleak| |em bers| |ah my| |dear|,+-+++-+-+
|and| |say| |no| |word| |to| |tell| |me| |who| |he| |was|,-+++-+---+
|hath| |thee| |in| |thrall!|,-+-+
|nor| |an y| |voice| |of| |mourn ing| |save| |the| |cho irs|,-+-+-+-+-+-
|o ver| |its| |rocks| |cease less ly| |bursts| |and| |raves.|,+--++--+-+
|than| |tri umph| |turn| |a way|,-+-+-+
|the| |jaws| |that| |bite| |the| |claws| |that| |catch!|,-+-+-+-+
|and| |on| |the| |ped es tal| |these| |words| |ap pear|,-+-+--++-+
|like| |to| |the| |lark| |at| |break| |of| |day| |a ris ing|,+--+-+-+-+-
|could| |lone ly| |wait| |my| |end less| |rest|,-+-+-+-+
|now| |if| |thou| |wouldst| |when| |all| |have| |giv en| |him| |o ver|,+--+-+-+--+-
|that| |moun tain| |as| |his| |gar den| |mould| |high| |rais'd|,-+---+-+++
|can| |it| |be| |you| |that| |i| |hear?| |let| |me| |view| |you| |then|,+--+--+--+--
|with| |the| |first| |dream| |that| |comes| |with| |the| |first| |sleep|,--++-+--++
|the| |ta bles| |o ver| |and| |the| |wines| |and| |slew|,-+-+-+-+-+
|as| |in| |a| |ru in| |we| |it| |call|,-+-+-+-+
|than| |that| |of| |thought.| |sup pose| |that| |you| |have| |seen|,-+-+-+-+-+
|yet| |sing| |and| |chat ter|,-+-+-
|what| |dread| |hand?| |and| |what| |dread| |feet?|,+++-+++
|but| |sucked| |on| |coun try| |pleas ures| |child ish ly?|,-+-+-+-+-+
|deep| |in| |the| |shad y| |sad ness| |of| |a| |vale|,+--+-+-+-+
|and| |bu gles| |call ing| |for| |them| |from| |sad| |shi res.|,-+-+-+--++-
|must| |doff| |my| |will| |as| |rai ment| |laid| |a way|,-+-+-+-+-+
|i| |warm'd| |both| |hands| |be fore| |the| |fire| |of| |life|,-+++-+-+-+
|the| |world| |is| |charged| |with| |the| |gran deur| |of| |god.|,-+-+--++-+
|dare| |frame| |thy| |fear ful| |sym me try?|,++-+-+-+
|sus pend ed| |by| |the| |blast| |that| |blew| |a main|,-+-+-+-+-+
|chryst| |yf| |my| |love| |wer| |in| |my| |armes|,+--+-+-+
|hap ly| |i| |think| |on| |thee| |and| |then| |my| |state|,+--+-+-+-+
|i| |would| |build| |that| |dome| |in| |air|,+-+-+-+
|a| |fae ry's| |song.|,-+-+
|and| |here| |were| |for ests| |an cient| |as| |the| |hills|,-+-+-+-+-+
|that| |light| |whose| |smile| |kin dles| |the| |u ni verse|,-+-++--+-+
|he| |gazed| |and| |gazed| |and| |gazed| |and| |gazed|,-+-+-+-+
|did| |he| |who| |made| |the| |lamb| |make| |thee?|,-+-+-+-+
|no| |mo tion| |has| |she| |now| |no| |force|,++---+++
|on| |the| |bald| |street| |breaks| |the| |blank| |day.|,--+++-++
|i| |saw| |the| |swift's| |black| |bow|,-+-+++
|and| |makes| |one| |lit tle| |room| |an| |eve ry where.|,-+++-+-+-+
|and| |brace lets| |too| |and| |frag rant| |zone|,-+-+-+-+
|let| |us| |not| |weigh| |them.| |heaven's| |great| |lamps| |do| |dive|,+--+-+++-+
|with| |how| |sad| |steps| |o| |moone| |thou| |climb'st| |the| |skies|,-+++-+-+-+
|far| |from| |the| |shore| |far| |from| |the| |trem bl ing| |throng|,+--++--+--+
|is| |not| |short| |paine| |well| |borne| |that| |brings| |long| |ease|,--++++-+++
|the| |sound| |must| |seem| |an| |ech o| |to| |the| |sense.|,-+-+-+-+-+
|and| |wears| |the| |turn ing| |globe.|,-+-+-+
|and| |far| |a way| |in to| |the| |sick ly| |light|,-+-+-+-+-+
|sud den ly| |i| |saw| |the| |cold| |and| |rook| |de light ing| |heav en|,+---+-+-+-+-+-
|and| |hap pie| |ease| |which| |thou| |doest| |want| |and| |craue|,-+-+-+-+-+
|was| |not| |ig no ble.| |oh!| |when| |i| |have| |hung|,-+-+-+-+-+
|nay| |i| |have| |done| |you| |get| |no| |more| |of| |me|,+--+-+-+-+
|did| |gyre| |and| |gim ble| |in| |the| |wabe|,-+-+-+-+
|with| |how| |sad| |steps| |o| |moone| |thou| |climb'st| |the| |skies|,-+++-+-+-+
|now| |they| |are| |all| |on| |their| |knees|,+--+--+
|and| |far| |a way| |in to| |the| |sick ly| |light|,-+-+-+-+-+
|part| |steals| |lets| |part| |a bide|,++-+-+
|the| |kra ken| |sleep eth| |faint est| |sun lights| |flee|,-+-+-+-+-+
|sing ing| |of| |mount| |a bo ra.|,+-+-+-+
|long| |lines| |of| |cliff| |break ing| |have| |left| |a| |chas m|,++-++--+-+-
|whilst| |burn ing| |through| |the| |in most| |veil| |of| |heav en|,-+-+-+-+-+-
|of| |his| |bones| |are| |cor al| |made|,+-+-+-+
|de sir ing| |this| |man's| |art| |and| |that| |man's| |scope|,-+-+-+-+-+
|which| |yet| |sur vive| |stamped| |on| |these| |life less| |things|,-+-++--+-+
|that| |fan cy| |may| |fash ion| |to| |hang| |in| |the| |ear| |of| |thought.|,-+--+--+--+-+
|love| |so| |a like| |that| |none| |do| |slack en| |none| |can| |die.|,+--+-+-+-+-+
|he| |spent| |him self| |the| |la bor| |of| |his| |ax|,-+-+-+-+-+
|drops| |flat| |and| |af ter| |the| |great| |wa ters| |break|,++-+--++-+
|their| |flow ers| |the| |ten der ness| |of| |pa tient| |minds|,-+--+-+-+-+
|the| |cloud| |capped| |tow ers| |the| |gor geous| |pal ac es|,-+++--+-+-+
|which| |from| |his| |dark some| |pas sage| |now| |ap pears|,+--+-+-+-+
|what| |pass ing| |bells| |for| |these| |who| |die| |as| |cat tle?|,-+-+-+-+-+-
|the| |com mon| |fate| |of| |all| |things| |rare|,-+-+-+++
|the| |sigh ing| |sound| |the| |lights| |a round| |the| |shore.|,-+-+-+-+-+
|the| |hard| |snow| |held| |me| |save| |where| |now| |and| |then|,-+++-+-+-+
|what e ver| |dies| |was| |not| |mixed| |e qual ly|,-+-+-+++-+
|no| |mock er ies| |now| |for| |them| |no| |prayers| |nor| |bells|,-+--+-+-+-+
|who| |were| |it| |proved| |he| |lies|,+--+-+
|and| |now| |div id ed| |in to| |four| |main| |streams|,-+-+---+++
|our| |youth| |our| |joys| |and| |all| |we| |have|,-+-+-+-+
|and| |meetes| |a| |flood| |that| |doth| |his| |pass age| |stay|,-+-+-+-+-+
|had| |i| |the| |heav ens'| |em broi dered| |cloths|,-+-+--+-+
|on| |the| |cold| |hill's| |side.|,--+++
|and| |on| |her| |dul cim er| |she| |played|,-+-+-+-+
|when| |stretched| |in| |the| |har vest| |blue|,-+--+-+
|a| |maid| |whom| |there| |were| |none| |to| |praise|,-+-+-+-+
|and| |made| |sweet| |moan.|,-+++
|hawk| |her on| |owl| |and| |wood peck er.|,++-+-+-+
|in| |the| |for ests| |of| |the| |night|,+-+-+-+
|and| |i| |took| |all| |the| |blame| |out| |of| |all| |sense| |and| |rea son|,-+-+-+--++-+-
|for| |put| |them| |side| |by| |side|,-+-+-+
|and| |this| |is| |why| |i| |so journ| |here|,-+-+-+-+
|it| |was| |a| |cord| |of| |ma ple| |cut| |and| |split|,+--+-+-+-+
|be cause| |the| |ho ly| |ghost| |o ver| |the| |bent|,-+-+-++--+
|catch ing| |the| |sense| |at| |two| |re moves?|,+--+-+-+
|nor| |let| |them| |pun ish| |me| |with| |loss| |of| |rhyme|,+--+-+-+-+
|that| |makes| |fraile| |flesh| |to| |feare| |the| |bit ter| |waue?|,-+++-+-+-+
|by| |hearts| |grown| |cold| |to| |me|,-+++-+
|and| |ghast ly| |through| |the| |driz zling| |rain|,-+-+-+-+
|and| |af ter| |drained| |dry|,-+-++
|to| |sounds| |con fused| |be hold| |the| |thread en| |sails|,-+-+-+-+-+
|the| |old| |dog| |barks| |back wards| |with| |out| |get| |ting| |up.|,-++++--+--+
|nay| |i have| |done| |you| |get| |no| |more| |of| |me|,+--+-+-+-+
|un num bered| |and| |e nor mous| |pol y pi|,++---+-+-+
|of| |por ous| |earth| |with| |kind ly| |thirst| |up| |drawn|,-+-+-+-+++
|and| |watch ing| |with| |e ter nal| |lids| |a part|,-+-+-+-+-+
|its| |jew el| |of| |mu sic| |is| |carv en| |of| |all| |or| |of| |aught|,-+--+--+--+--+
|these| |la tter| |a bout| |to| |fall.| |i| |thought| |that| |on ly|,-+--+-+-+-+-
|strike| |flat| |the| |thick| |ro tun di ty| |of| |the| |world|,++-+-+--+-+
|and| |she| |has| |slept| |try ing| |to| |trans late|,-+-++---+
|that| |we| |one| |jot| |of| |for mer| |love| |re tain .|,-+++-+-+-+
|that| |flies| |in| |the| |night|,-+--+
|be| |sec ret| |and| |take| |de feat|,-+--+-+
|my| |true| |ac count| |lest| |he| |re turn ing| |chide|,-+-+-+-+-+
|watch| |the| |slow| |door|,+-++
|his| |an cient| |dream less| |un in va ded| |sleep|,-+-+-+-+-+
|but| |let| |all| |lov ers| |rich| |in| |tri umph| |come|,-+++-+-+-+
|that| |the| |heart| |of| |the| |hear er| |may| |smile| |if| |to| |pleas ure| |his| |ear|,--+--+--+--+--+
|flow'rs| |worth y| |of| |par a dise| |which| |not| |nice| |art|,++--+---+++
|flies| |o'er| |th'un bend ing| |corn| |and| |skims| |a long| |the| |main.|,+--+-+-+-+-+
|since| |na ture's| |pride| |is| |now| |a| |with ered| |daf fo dil.|,-+-+-+-+-+-+
|he| |watch es| |from| |his| |moun tain| |walls|,-+-+-+-+
|so| |fair| |a| |fan cy| |few| |would| |weave|,-+-+-+-+
|you| |be ing| |e ver| |dis solved| |to| |wan| |wist less ness|,+--+--+--+--
|but| |when| |loud| |surg es| |lash| |the| |sound ing| |shore|,--++-+-+-+
|down| |the| |steep| |glade| |and| |met| |the| |neth er| |flood|,+-++-+-+-+
|no| |yet| |still| |stead fast| |still| |un change a ble|,+-++-+-+-+
|the| |lat est| |dream| |i| |e ver| |dreamed|,-+-+-+-+
|and| |the| |mome| |raths| |out grabe.|,--++-+
|what evs when as| |in| |silks| |my| |ju lia| |goes|,-+-+-+-+-+
|if| |some one| |said| |on| |christ mas| |eve|,-+-+-+-+
|where| |souls| |brim| |full| |of| |love| |a bide| |and| |meet|,-+++-+-+-+
|in| |xan a du| |did| |ku bla| |khan|,-+-+-+-+
|the| |sedge| |has| |with ered| |from| |the| |lake|,-+-+-+-+
|nor| |chang'd| |his| |course| |but| |through| |the| |shag gy| |hill|,-+-+-+-+-+
|come| |gen tle| |night| |come| |lov ing| |black| |browed| |night|,++-+++-+++
|per haps| |it| |was| |some thing| |a bout| |the| |heat| |of| |the| |sun|,-+--+--+-+--+
|ran| |nec tar| |vis it ing| |each| |plant| |and| |fed|,++-+--++-+
|of| |birth| |can| |quench| |not| |that| |sus tain ing| |love|,-+-++--+-+
|for| |how| |can| |you| |com pete|,-+-+-+
|stand| |in| |the| |des ert....| |near| |them| |on| |the| |sand|,+--+-+-+-+
|a mid| |whose| |swift| |half| |in ter mit ted| |burst|,-+-++--+-+
|world| |broods| |with| |warm| |breast| |and| |with| |ah!| |bright| |wings.|,++-++--+++
|some| |veil| |did| |fall| |i| |knew| |it| |all| |of| |yore.|,-+-+-+-+-+
|and| |each| |slow| |dusk| |a| |draw ing| |down| |of| |blinds.|,-+++-+-+-+
|a lone| |and| |pale ly| |loi ter ing|,-+-+-+-+
|fast| |with er eth| |too.|,++--+
|though| |i| |am| |young| |and| |can not| |tell|,-+-+-+-+
|and| |both| |do| |aim| |at| |hu man| |hearts.|,-+-+-+-+
|o| |how| |that| |glit ter ing| |tak eth| |me!|,+--+--+-+
|do| |they| |a bove| |love| |to| |be| |lov'd| |and| |yet|,-+-++--+-+
|for| |hold| |them| |blue| |to| |blue|,-+-+-+
|the| |blue| |and| |the| |dim| |and| |the| |dark| |cloths|,-+--+--++
|and| |that| |was| |why| |it| |whis pered| |and| |did| |not| |speak.|,-+-+-+--+-+
|for| |thy| |sweet| |love| |re mem bered| |such| |wealth| |brings|,-+++-+-+++
|the| |vor pal| |blade| |went| |snick er| |snack!|,-+-+-+-+
|my| |long| |scythe| |whis pered| |and| |left| |the| |hay| |to| |make.|,-+++--+-+-+
|with| |o ther| |things| |i| |but| |fear|,-+-+--+
|o| |how| |that| |glit ter ing| |tak eth| |me!|,+--+--+-+
|is| |all| |good| |struc ture| |in| |a| |wind ing| |stair?|,-+++---+-+
|press'd| |her| |cold| |fin ger| |clos er| |to| |her| |lips.|,+-++-+-+-+
|some thing| |per haps| |a bout| |the| |lack| |of| |sound|,+--+-+-+-+
|fall| |win ter| |fall| |for| |he|,++-+-+
|the| |spec u la ting| |rooks| |at| |their| |nests| |cawed|,-+-+-+--++
|come| |to| |my| |arms| |my| |beam ish| |boy!|,+--+-+-+
|thus| |for| |love's| |sake|,+-++
|but| |time| |to| |make| |me| |grieve|,-+-+-+
|and| |in| |the| |chas m| |are| |foam| |and| |yel low| |sands|,-+-+--+-+-+
|does| |thy| |life| |de stroy.|,--+-+
|leaves| |a round| |me| |fall ing|,+-+-+-
|while| |on| |the| |per il ous| |ridge| |i| |hung| |a lone|,-+-+--+-+-+
|and| |true| |plain| |hearts| |do| |in| |the| |fac es| |rest|,-+++---+-+
|and| |from| |this| |chasm| |with| |cease less| |tur moil| |seeth ing|,-+-+-+-+-+-
|rough| |winds| |do| |shake| |the| |dar ling| |buds| |of| |may|,++-+-+-+-+
|ex cept| |love's| |fi res| |the| |vir tue| |have|,-+++--+-+
|could| |i| |re vive| |with in| |me|,-+-+-+-
|just| |as| |when| |he| |was| |not| |a| |ghost|,+-+--+-+
|are| |beau ties| |there| |as| |proud| |as| |here| |they| |be?|,-+-+-+-+-+
|and| |like| |a| |thun der bolt| |he| |falls.|,+--+-+-+
|when as| |in| |silks| |my| |ju li a| |goes|,+--+-+--+
|roll ing| |on| |o ri ent| |pearl| |and| |sands| |of| |gold|,+--+--+-+-+
|take| |me| |to| |you| |im pris on| |me| |for| |i|,+-+--+-+-+
|and| |it| |was| |ol der| |sure| |than| |this| |year's| |cut ting|,-+-+-+-+-+-
|death's| |sec ond| |self| |that| |seals| |up| |all| |in| |rest.|,++-+-+-+-+
|a| |might y| |foun tain| |mo ment ly| |was| |forced|,-+-+-+-+-+
|brute| |beau ty| |and| |val lour| |and| |act| |oh| |air| |pride| |plume| |here|,++--+--+-++++
|shall| |i| |com pare| |thee| |to| |a| |sum mer's| |day?|,-+-+-+-+-+
|be cause| |she| |thinks| |death| |can| |di vide|,-+-++--+
|leap| |to| |these| |arms| |un talked| |of| |and| |un seen.|,+--+-+-+-+
|and| |win ter| |falls| |of| |old|,-+-+-+
|thy| |grace| |may| |wing| |me| |to| |pre vent| |his| |art|,++-+---+-+
|a| |slum ber| |did| |my| |spir it| |seal|,-+-+-+-+
|and| |chief ly| |i| |re mem ber|,-+-+-+-
|moved| |we| |as| |plun der ers| |where| |the| |moth er| |bird|,+--+--+-+-+
|by| |chance| |or| |na ture's| |chang ing| |course| |un trimmed|,-+-+-+-+-+
|as| |a| |skate's| |heel| |sweeps| |smooth| |on| |a| |bow| |bend| |the| |hurl| |and| |glid ing|,--+--+--+--+-+-
|you| |sul ph'rous| |and| |thought| |ex |e cut ing fi res,-+--++-+-+-
|it| |best| |a grees| |with| |night.| |come| |civ il| |night|,-+-+-+++-+
|in| |the| |howl ing| |storm|,--+-+
|so| |long| |lives| |this| |and| |this| |gives| |life| |to| |thee.|,-+++-+-+-+
|will| |mur mur| |by| |the| |hour| |in| |fox glove| |bells|,-+-+-+-+-+
|sit| |blithe| |and| |hap py| |bees| |that| |soar| |for| |bloom|,++-+-+-+-+
|who| |trav els| |by| |the| |wear ie| |wan dring| |way|,-+-+-+-+-+
|trav elling| |a cross| |the| |wet| |mead| |to| |me| |here|,+--+--+--+
|with| |what| |strange| |ut ter ance| |did| |the| |loud| |dry| |wind|,-+++----+++
|be| |side| |the| |springs| |of| |dove|,-+-+-+
|and| |no thing| |else| |saw| |all| |day| |long|,-+-+-+++
|crushed.| |why| |do| |men| |then| |now| |not| |reck| |his| |rod?|,++---+-+-+
|sud den ly|,+-+
|nor| |e ver| |ask| |her| |what| |she| |has| |lost|,-+-+-+--+
|and| |made| |of| |earth| |and| |sea|,-+-+-+
|be ware| |the| |jub jub| |bird| |and| |shun|,-+-+-+-+
|west ron| |wynde| |when| |wyll| |thow| |blow|,+-++--+
|and| |shuns| |to| |have| |her| |grac es| |spied|,-+-+-+-+
|from| |man y| |a| |won drous| |grot| |and| |se cret| |cell|,-+--+-+-+-+
|till| |they| |fail| |as| |i| |am| |fail ing|,+-+-+-+-
|o| |how| |that| |glit ter ing| |tak eth| |me!|,+--+--+-+
|as| |syl lab le| |from| |sound|,-+-+-+
|bare| |ru ined| |cho irs| |where| |late| |the| |sweet| |birds| |sang.|,++-+--+-+++
|nor| |shall| |death| |brag| |thou| |wand' rest| |in| |his| |shade|,+-++-+-+-+
|bid| |her| |come| |forth|,+--+
|with out| |so| |much| |as| |wish ing| |him| |good| |night.|,-+-+-+-+-+
|the| |white| |one| |in| |his| |tail| |like| |one| |who| |takes|,-+-+-+-+-+
|flows| |through| |the| |mind| |and| |rolls| |its| |rap id| |waves|,+--+-+-+-+
|through| |o pen| |doors| |and| |sword ing| |right| |and| |left|,-+-+-+-+-+
|with| |silk en| |stream ers| |the| |young| |phoeb us| |fan ning.|,-+-+--++-+-
|when| |i| |con sid er| |how| |my| |light| |is| |spent|,-+-+-+-+-+
|robs| |not| |one| |light| |seed| |from| |the| |fea ther'd| |grass|,+++++--+-+
|our| |ob ject| |and| |in glor |i ous yet the end,-+-+-+--+-+
|o ur| |beau ties| |are| |not| |o urs.| |o| |i| |could| |still|,--+--++-+--+
|toil| |and| |grow| |rich|,+--+
|which| |by| |and| |by| |black| |night| |doth| |take| |a way|,-+-+++-+-+
|has| |found| |out| |thy| |bed|,-+--+
|look| |on| |my| |works| |ye| |might y| |and| |de spair!|,+--+-+-+-+
|by| |the| |in jus tice| |of| |the| |skies| |for| |pun ish ment?|,+--+-+-+-+-+
|so| |wild| |that| |e ver y| |cas u al| |thought| |of| |that| |and| |this|,-+-+--+--+-+-+
|what| |can dles| |may| |be| |held| |to| |speed| |them| |all?|,-+-+-+-+-+
|and| |i| |yn| |my| |bed| |a gayne|,-+--+-+
|its| |dim| |shapes| |are| |clad| |with| |bright ness|,-++-+-+-
|hop ing| |it| |might| |be| |so.|,+--+-+
|the| |pal lor| |of| |girls'| |brows| |shall| |be| |their| |pall|,-+--++-+-+
|and| |say| |would| |god| |it| |came| |to| |pass|,-+++-+-+
|un til| |the| |lat ter| |fi re| |shall| |heat| |the| |deep|,-+-+-+--+-+
|i| |know| |the| |grass| |be yond| |the| |door|,-+-+-+-+
|be yond| |red| |roofs| |a bout| |a| |nar row| |wharf|,-+++-+-+-+
|and| |sank| |in| |tu mult| |to| |a| |life less| |o cean|,-+-+-+-+-+-
|and| |in| |the| |dear est| |pas sage| |of| |a| |song.|,-+-+-+-+-+
|if| |e ver| |a ny| |beau ty| |i| |did| |see|,-+-+-+-+-+
|then| |ev'n| |of| |fel low ship| |o| |moone| |tell| |me|,-+-+---+++
|but| |fools| |do| |live| |and| |waste| |their| |lit tle| |light|,-+-+-+-+-+
|and| |'mid| |this| |tu mult| |ku bla| |heard| |from| |far|,-+-+-+-+-+
|such| |as| |a| |fee ble| |brook| |will| |oft| |as sume|,+--+-+-+-+
|my| |ver y| |life| |a gain| |though| |cold| |in| |death|,-+-+-+-+-+
|is| |con stant| |love| |deem'd| |there| |but| |want| |of| |wit?|,-+-+-+-+-+
|or| |hint| |or| |mock| |at| |night| |and| |day|,-+-+-+-+
|with| |what| |i| |most| |en joy| |con tent ed| |least|,-+-+-+-+-+
|who| |in| |the| |dark| |and| |si lent| |grave|,+--+-+-+
|with| |an guish| |moist| |and| |fe ver| |dew|,-+-+-+-+
|and| |learn| |me| |how| |to| |lose| |a| |win ning| |match|,-+-+-+-+-+
|for| |thou| |wilt| |lie| |up on| |the| |wings| |of| |night|,-+-+-+-+-+
|no| |won der| |of| |it| |sheer| |plod| |makes| |plough| |down| |sil| |lion|,-+---++-+-+-
|let| |him| |think| |of| |the| |glor ies| |of| |greece| |and| |of| |rome|,--+--+--+--+
|breast ing| |the| |loft y| |surge.| |o| |do| |but| |think|,+--+-++--+
|which| |through| |the| |web| |of| |be ing| |blind ly| |wove|,-+-+-+-+-+
|and| |a| |few| |lil ies| |blow.|,--++-+
|rolled| |round| |in| |earth's| |di ur nal| |course|,++-+-+-+
|till| |all| |the| |raf ters| |rang| |with| |wo man| |yells|,-+-+-+-+-+
|as| |e'er| |be neath| |a| |wan ing| |moon| |was| |haunt ed|,-+-+-+-+-+-
|thou| |hast| |made| |me| |and| |shall| |thy| |work| |de cay?|,+-+---++-+
|and| |layes| |the| |soule| |to| |sleepe| |in| |qui et| |graue?|,-+-+-+-+-+
|and| |her mits| |are| |con tent ed| |with| |their| |cells|,-+-+-+-+-+
|of| |that| |co los sal| |wreck| |bound less| |and| |bare|,-+-+-++--+
|from| |an y| |braz en| |throat|,-+-+-+
|stand ing| |as| |when| |i| |drew| |near| |to| |the| |town|,+--+--+--+
|did| |gyre| |and| |gim ble| |in| |the| |wabe|,-+-+-+-+
|a noth er| |day|,-+-+
|with| |mis| |chie vous| |va grant| |se raph ic| |look|,-+--+--+-+
|drop| |drop| |drop| |drop|,++++
|in| |des erts| |where| |no| |men| |a bide|,-+--++-+
|do| |they| |call| |ver tue| |there| |un grate ful nesse?|,-+-+-+-+-+
|con sumed| |with| |that| |which| |it| |was| |nour ished| |by.|,-+-+-+-+-+
|la bor| |to| |ad mit| |you| |but| |o| |to| |no| |end|,+---+--+-++
|by| |their| |own| |beau ties| |or| |if| |love| |be| |blind|,--++-+-+-+
|but| |rath er| |to| |tell| |how| |if| |art| |could| |tell|,-+--++-+-+
|love| |laugh ter| |or| |mourn ing| |re mem brance| |of| |rap ture| |or| |fear|,++--+--+--+--+
|the| |sweet| |keen| |smell|,-+++
|a bove| |the| |ra ven's| |nest| |by| |knots| |of| |grass|,-+-+-+-+-+
|long| |time| |the| |man xome| |foe| |he| |sought|,++-+-+-+
|and| |there| |i| |shut| |her| |wild| |wild| |eyes|,-+-+-+++
|when as| |in| |silks| |my| |ju lia| |goes|,-+-+-+-+
|tell| |her| |that's| |young|,++-+
|full| |fath om| |five| |thy| |fa ther| |lies|,++-+-+-+
|and| |trou ble| |deaf| |heav en| |with| |my| |boot less| |cries|,-+-++---+-+
|woe| |weeps| |out| |her| |di vi sion| |when| |she| |sings.|,+++--+-+-+
|with in| |the| |son net's| |scan ty| |plot| |of| |ground|,-+-+-+-+-+
|where| |was| |heard| |the| |min gled| |meas ure|,+-+-+-+-
|now| |all| |the| |truth| |is| |out|,-+-+-+
|too| |much| |a like| |to| |mark| |or| |name| |a| |place| |by|,-+-+-+-+-+-
|and| |there| |she| |lull| |d| |me| |as leep|,-+-+-+-+
|you| |have| |been| |mine| |be fore|,+--+-+
|the| |breath| |whose| |might| |i| |have| |in voked| |in| |song|,-+-+-+-+-+
|are| |melt ed| |in to| |air| |in to| |thin| |air|,-+-+-+--++
|far| |from| |the| |fi e ry| |noon| |and| |eve's| |one| |star|,+--+--+-+++
|small| |is| |the| |worth|,+--+
|and| |view| |my| |wast ing| |skin|,-+-+-+
|and| |what| |should er| |and| |what| |art|,+++--++
|singe| |my| |white| |head.| |and| |thou| |all| |shak ing| |thun der|,+-++-+++-+-
|how| |si lent ly| |and| |with| |how| |wanne| |a| |face|,-+----++-+
|far| |far| |be neath| |in| |the| |a bys mal| |sea|,++-+---+-+
|i| |would| |spread| |the| |cloths| |un der| |your| |feet|,--+-++--+
|be ing| |hon our| |bred| |with| |one|,--+-+-+
|oh| |morn ing| |at| |the| |brown| |brink| |east ward| |springs|,++---+++-+
|should| |find| |brief| |sol ace| |there| |as| |i| |have| |found.|,-+++-+-+-+
|play| |with| |your| |fan cies| |and| |in| |them| |be hold|,+--+-+-+-+
|burnt| |the| |fi re| |of| |thine| |eyes?|,+-+-+-+
|your| |neck| |turned| |so|,-+++
|a bout| |his| |shad ow y| |sides| |a bove| |him| |swell|,-+-+--+-+-+
|yet| |slow er| |yet| |o| |faint ly| |gen tle| |springs!|,-+-+++-+-+
|blow| |through| |my| |ear!| |the| |sky| |seemed| |not| |a| |sky|,+--+-+-+-+
|e ven| |such| |is| |time| |which| |takes| |in| |trust|,--+-+-+-+
|as| |pha e ton| |would| |whip| |you| |to| |the| |west|,-+-+-+-+-+
|could| |twist| |the| |sin ews| |of| |thy| |heart?|,-+-+-+-+
|when| |time ly| |death| |my| |life| |and| |for tune| |ends|,-+-+-+-+-+
|and| |her| |eyes| |were| |wild.|,--+-+
|or| |eas y| |gold| |at| |the| |hand| |of| |fay| |or| |elf|,-+-+--+-+-+
|that| |li que fac tion| |of| |her| |clothes.|,-+-+-+-+
|our selves| |no| |pris on| |is| |and| |hence| |for| |me|,-+-+-+-+-+
|that| |brave| |vi bra tion| |each| |way| |free|,-+-+-+++
|that| |beau ty| |in| |which| |all| |things| |work| |and| |move|,-+---+++-+
|of| |the| |rol ling| |lev el| |un der neath| |him| |stead y| |air| |and| |strid ing|,--+-----+-+-+-+-
|list| |to| |the| |heav y| |part| |the| |mu sic| |bears|,+--+-+-+-+
|a| |dam sel| |with| |a| |dul ci mer|,-+-+-+-+
|what| |im mor tal| |hand| |or| |eye|,+-+-+-+
|i| |saw| |pale| |kings| |and| |prin ces| |too|,-+++-+-+
|ex cept| |you| |en thrall| |me| |nev er| |shall| |be| |free|,-+--+-+-+-+
|you| |stand| |up on| |the| |riv age| |and| |be hold|,-+-+-+-+-+
|nor| |in| |his| |neigh bours'| |eyes?|,+--+-+
|in| |me| |thou| |seest| |the| |twi light| |of| |such| |day|,-+-+-+--++
|and| |the| |star tled| |lit tle| |waves| |that| |leap|,--+-+-+-+
|bred| |to| |a| |hard er| |thing|,+--+-+
|down| |the| |green| |hill| |a thwart| |a| |ce darn| |cov er!|,+-++-+-+-+-
