"Go,  love  ly  rose!",-+-+,++-+
Tell her  that wastes  her time  and  me,-+-+-+-+,++-+-+-+
"That now  she  knows,",-+-+,-+-+
"When I  re sem  ble her  to  thee,",-+-+-+-+,-+-+-+-+
How sweet  and fair  she seems  to  be.,-+-+-+-+,-+-+-+-+
Tell her  that's  young,-+-+,++-+
"And shuns  to have  her grac  es  spied,",-+-+-+-+,-+-+-+-+
That had'st  thou  sprung,-+-+,-+-+
"In des  erts,  where  no men  a  bide,",-+-+-+-+,-+--++-+
Thou must  have un  com mend  ed  died.,-+-+-+-+,-+-+-+-+
Small is  the  worth,-+-+,+--+
Of beau  ty from  the light  re ti  red;,-+-+-+-+,-+-+-+-+-
"Bid her  come  forth,",-+-+,+--+|+-++
"Suf fer  her self  to be  de si  red,",-+-+-+-+,+--+-+-+-
And not  blush so  to be  ad mi  red.,-+-+-+-+,-+++-+-+-|--++-+-+-
Then die!  that  she,-+-+,++-+
The com  mon fate  of all  things  rare,-+-+-+-+,-+-+-+++
May read  in  thee;,-+-+,-+-+
How small  a part  of time  they  share,-+-+-+-+,-+-+-+-+
That are  so won  drous sweet  and  fair!,-+-+-+-+,--++-+-+
The old  dog barks back wards without  getting  up.,--+--+--+--+,-++++--+--+
I              can remem ber             when he  was a  pup.,-+-+-+-+-+,+--+--+--+
"Gal lop  a pace,  you fi  er y- foot  ed steeds,",-+-+-+-+-+,+--+-+--+-+
To wards Phoeb  us' lodg  ing!  Such  a wag  on er,-+-+-+-+-+,--+-+-+-+-+
As Pha  e ton  would whip  you to  the west,-+-+-+-+-+,-+-+-+-+-+
And bring  in cloud  y night  im med  i ate ly.,-+-+-+-+-+,-+-+-+-+--+
"Spread thy  close cur  tain,  love-  per form  ing night,",-+-+-+-+-+,+-++-+-+-+
"That run  a ways' eyes  may wink,  and Ro  me o",-+-+-+-+-+,-+--+-+-+-+
Leap to  these arms  un talked  of and  un seen.,-+-+-+-+-+,+--+-+-+-+
Lov ers  can see  to do  their a  mor ous rites,-+-+-+-+-+,+--+-+-+--+
"By their  own beau  ties;  or,  if love  be blind,",-+-+-+-+-+,--++-+-+-+
"It best  a grees  with night.  Come, civ  il night,",-+-+-+-+-+,-+-+-+++-+
"Thou so  ber- suit  ed ma  tron all  in black,",-+-+-+-+-+,-+-+-+-+-+
"And learn  me how  to lose  a win  ning match,",-+-+-+-+-+,-+-+-+-+-+
Played for  a pair  of stain  less mai  den hoods.,-+-+-+-+-+,+--+-+-+-+
"Hood my  un manned  blood,  bat  ing in  my cheeks,",-+-+-+-+-+,+--+++---+
"With thy  black man  tle till  strange love  grow bold,",-+-+-+-+-+,--++--++++
Think true  love act  ed sim  ple mod  es ty.,-+-+-+-+-+,++++-+-+-+
"Come, night;  come, Ro  me o;  come,  thou day  in night;",-+-+-+-+-+,++++--+-+-+
For thou  wilt lie  up on  the wings  of night,-+-+-+-+-+,-+-+-+-+-+
Whit er  than new  snow up  on a Ra  ven's back.,-+-+-+-+-+,+--++---+-+
"Come, gen  tle night;  come, lov  ing, black-  browed night;",-+-+-+-+-+,++-+++-+++
"Give me  my Ro  me o;  and,  when he  shall die,",-+-+-+-+-+,+--+--+-+-+
"Take him  and cut  him out  in lit  tle stars,",-+-+-+-+-+,+--+-+-+-+
And he  will make  the face  of heav  en so fine,-+-+-+-+-+,-+-+-+-+--+
That all  the world  will be  in love  with night,-+-+-+-+-+,-+-+-+-+-+
And pay  no wor  ship to  the gar  ish sun.,-+-+-+-+-+,-+++---+-+
"Gal lop  a pace,  you fier  y- foot  ed steeds,",-+-+-+-+-+,+--+-+-+-+
Towards Phoeb  us' lodg  ing!  Such  a wag  on er,-+-+-+-+-+,--+-+-+-+-+
As Pha  e ton  would whip  you to  the west,-+-+-+-+-+,-+-+-+-+-+
And bring  in cloud  y night  im med  i ate ly.,-+-+-+-+-+,-+-+-+-+--+
"Spread thy  close cur  tain,  love-  per form  ing night,",-+-+-+-+-+,+-++-+-+-+
"That run  a ways' eyes  may wink,  and Ro  me o",-+-+-+-+-+,-+--+-+-+-+
Leap to  these arms  un talked  of and  un seen.,-+-+-+-+-+,+--+-+-+-+
Lov ers  can see  to do  their a  mor ous rites,-+-+-+-+-+,+--+-+-+--+
"By their  own beau  ties;  or,  if love  be blind,",-+-+-+-+-+,--++-+-+-+
"It best  a grees  with night.   Come, civ  il night,",-+-+-+-+-+,-+-+-+++-+
"Thou so  ber- suit  ed ma  tron all  in black,",-+-+-+-+-+,-+-+-+-+-+
"And learn  me how  to lose  a win  ning match,",-+-+-+-+-+,-+-+-+-+-+
Played for  a pair  of stain  less mai  den hoods.,-+-+-+-+-+,+--+-+-+-+
"Hood my  un manned  blood,   bat  ing in  my cheeks,",-+-+-+-+-+,+--+++---+
"With thy  black man  tle till  strange love  grow bold,",-+-+-+-+-+,--++--++++
Think true  love act  ed sim  ple mod  es ty.,-+-+-+-+-+,++++-+-+-+
"Come, night;  come, Ro  me o;  come,  thou day  in night;",-+-+-+-+-+,++++--+-+-+
For thou  wilt lie  up on  the wings  of night,-+-+-+-+-+,-+-+-+-+-+
Whit er  than new  snow up  on a Ra  ven's back.,-+-+-+-+-+,+--++---+-+
"Come, gen  tle night;  come, lov  ing, black-  browed night;",-+-+-+-+-+,++-+++-+++
"Give me  my Ro  me o;  and,  when he  shall die,",-+-+-+-+-+,+--+--+-+-+
"Take him  and cut  him out  in lit  tle stars,",-+-+-+-+-+,+--+-+-+-+
And he  will make  the face  of heav  en so fine,-+-+-+-+-+,-+-+-+-+--+
That all  the world  will be  in love  with night,-+-+-+-+-+,-+-+-+-+-+
And pay  no wor  ship to  the gar  ish sun.,-+-+-+-+-+,-+++---+-+
"Bat ter  my heart,  three- per  soned God;  for  you",-+-+-+-+-+,+--+++-+-+
"As yet  but knock,  breathe, shine,  and seek  to  mend;",-+-+-+-+-+,-+-+++-+-+
"That I  may rise  and stand,  o'er throw  me and  bend",-+-+-+-+-+,-+-+-+++--+|-+-+-+-+--+
"Your force  to break,  blow, burn,  and make  me  new.",-+-+-+-+-+,-+-+++-+-+
"I, like  an u  surped town,  to an oth  er  due,",-+-+-+-+-+,+---++--+-+
"La bor  to ad mit  you, but  O, to  no  end;",-+-+-+-+-+,+---+--+-++
"Rea son,  your vice  roy in me,  me should  de  fend,",-+-+-+-+-+,+--+--++--+
"But is  cap tived,  and proves  weak or  un  true.",-+-+-+-+-+,-++--++--+|+-+--++--+
"Yet dear  ly I love  you, and would  be lov  èd  fain,",-+-+-+-+-+,-+--+--+-+-+
But am  be trothed  un to  your en  e  my.,-+-+-+-+-+,-+-++--+-+
"Di vorce  me,  un tie  or break  that knot  a  gain;",-+-+-+-+-+,-+--+-+++-+|-+--+-+-+-+
"Take me  to you,  im pris  on me,  for  I,",-+-+-+-+-+,+-+--+-+-+|+--+-+-+-+
"Ex cept  you en thrall  me,  nev  er shall  be  free,",-+-+-+-+-+,-+--+-+-+-+
"Nor ev  er chaste,  ex cept  you rav  ish  me.",-+-+-+-+-+,-+-+-+-+-+
West  ron wynde  when wyll  thow  blow,-+-+-+-+,+-++--+
The smalle  rayne downe  can  rayne,-+-+-+,-+++-+
Chryst yf  my love  wer in  my  armes,-+-+-+-+,+--+-+-+
And I  yn my bed  a  gayne,-+-+-+,-+--+-+
"O what  can ail  thee, knight- at-  arms,",-+-+-+-+,-+-+-+-+
A lone  and pale  ly loit  er  ing?,-+-+-+-+,-+-+-+-+
"The sedge  has with  ered from  the  lake,",-+-+-+-+,-+-+-+-+
And no  birds  sing.,-+-+,-+++
"O what  can ail  thee, knight- at-  arms,",-+-+-+-+,-+-+-+-+
So hag  gard and  so woe- be  gone?,-+-+-+-+,-+--++-+
"The squir  rel's gran  a ry  is  full,",-+-+-+-+,-+-+-+-+
And the har  vest's  done.,-+-+,--+-+
"I see  a lil  y on  thy  brow,",-+-+-+-+,-+-+-+-+
"With an  guish moist  and fe  ver-  dew,",-+-+-+-+,-+-+-+-+
And on  thy cheeks  a fad  ing  rose,-+-+-+-+,-+-+-+-+
Fast with  er eth  too.,-+-+,++--+
"I met  a la  dy in  the  meads,",-+-+-+-+,-+-+-+-+
"Full beau  ti ful--   a fae  ry's  child,",-+-+-+-+,++-+-+-+
"Her hair  was long,  her foot  was  light,",-+-+-+-+,-+-+-+-+
And her eyes  were  wild.,-+-+,--+-+
"I made  a gar  land for  her  head,",-+-+-+-+,-+-+-+-+
"And brace  lets too,  and frag  rant  zone;",-+-+-+-+,-+-+-+-+
"She looked  at me  as she  did  love,",-+-+-+-+,-+-+-+-+
And made  sweet  moan.,-+-+,-+++
"I set  her on  my pac  ing  steed,",-+-+-+-+,-+-+-+-+
And no  thing else  saw all  day  long,-+-+-+-+,-+-+-+++
"For side  long would  she bend,  and  sing",-+-+-+-+,-+-+-+-+
A fae  ry's  song.,-+-+,-+-+
"She found  me roots  of rel  ish  sweet,",-+-+-+-+,-+-+-+-+
And hon  ey wild  and man  na-  dew;,-+-+-+-+,-+-+-+-+
"And sure  in lang  uage strange  she  said,",-+-+-+-+,-+-+-+-+
"""I love  thee  true.""",-+-+,-+-+
"She took  me to  her elf  in  grot,",-+-+-+-+,-+-+-+-+
And there  she wept  and sighed  full  sore;,-+-+-+-+,-+-+-+++
"And there  I shut  her wild,  wild  eyes",-+-+-+-+,-+-+-+++
With kiss  es  four.,-+-+,-+-+
"And there  she lull  èd me  as  leep,",-+-+-+-+,-+-+-+-+
And there  I dreamed--   Ah! woe  be  tide!--,-+-+-+-+,-+-+++-+
The lat  est dream  I e  ver  dreamed,-+-+-+-+,-+-+-+-+
On the cold  hill's  side.,-+-+,--+++
"I saw  pale kings  and prin  ces  too,",-+-+-+-+,-+++-+-+
"Pale war  ri ors, death- pale were  they  all;",-+-+-+-+,++--+---+
"They cried,  ""La Belle  Dame sans  Mer  ci",-+-+-+-+,-+-+-+-+
"Hath thee  in  thrall!""",-+-+,-+-+
I saw  their starved  lips in  the  gloam,-+-+-+-+,-+-++--+
"With hor  rid warn  ing gap  èd  wide,",-+-+-+-+,-+-+-+-+
And I  a woke  and found  me  here,-+-+-+-+,-+-+-+-+
On the cold  hill's  side.,-+-+,--+++
And this  is why  I so  journ  here,-+-+-+-+,-+-+-+-+
"A lone  and pale  ly loi  ter  ing,",-+-+-+-+,-+-+-+-+
"Though the sedge  is with  ered from  the  lake,",-+-+-+-+,--+-+-+-+
And no  birds  sing.,-+-+,-+++
"Thus with  i mag  ined wing  our swift  scene flies,",-+-+-+-+-+,+--+-+-+++
In mo  tion of  no less  ce ler  i ty,-+-+-+-+-+,-+--++-+-+
Than that  of thought.  Sup pose  that you  have seen,-+-+-+-+-+,-+-+-+-+-+
The well-  ap point  ed king  at Hamp  ton pier,-+-+-+-+-+,-+-+-+-+-+
Em bark  his roy  al ty;  and his  brave fleet,-+-+-+-+-+,-+-+-+--++
With silk  en stream  ers the  young Phoeb  us fan ning.,-+-+-+-+-+,-+-+--++-+-
"Play with  your fan  cies,  and  in them  be hold",-+-+-+-+-+,+--+-+-+-+
Up on  the hem  pen tack  le ship  boys climb ing:,-+-+-+-+-+,-+-+-+-+-+-
Hear the  shrill whist  le which  doth or  der give,-+-+-+-+-+,+-++-+-+-+
"To sounds  con fused;  be hold  the thread  en sails,",-+-+-+-+-+,-+-+-+-+-+
"Borne with  the in vis  i ble  and creep  ing wind,",-+-+-+-+-+,+---+-+-+-+
"Draw the  huge bot  toms through  the fur  rowed sea,",-+-+-+-+-+,+-++-+-+-+|+-++---+-+
"Breast ing  the loft  y surge.  O, do  but think",-+-+-+-+-+,+--+-++--+
You stand  up on  the riv  age and  be hold,-+-+-+-+-+,-+-+-+-+-+
A cit  y on  the in con  stant bil  lows danc ing;,-+-+-+-+-+,-+-+--+-+-+-
"For so  ap pears  this fleet  maj est  i cal,",-+-+-+-+-+,-+-+-+-+-+
"Hold ing  due course  to Har  fleur.  Fol  low, fol low!",-+-+-+-+-+,+-++-+++-+-
He end  ed:  Ar  thur knew  the voice;  the face,-+-+-+-+-+,-+-+-+-+-+
"Well  nigh  was hel  met- hid  den,  and  the name",-+-+-+-+-+,++-+-+---+
Went wan  der ing some  where dark  ling in  his mind.,-+-+-+-+-+,-+--+-+-+-+
"And Ar  thur deigned  not use  of word  or sword,",-+-+-+-+-+,-+-+-+-+-+
"But let  the drunk  ard,  as  he stretched  from horse",-+-+-+-+-+,-+-+-+-+-+
"To strike  him,  o  ver bal  anc ing  his bulk,",-+-+-+-+-+,-+-+-+-+-+
Down from  the cause  way heav  i ly to  the swamp,-+-+-+-+-+,+--+-+--+-+
"Fall,  as  the crest  of some  slow- arch  ing wave,",-+-+-+-+-+,+--+--++-+
"Heard in  dead night  a long  that ta  ble- shore,",-+-+-+-+-+,+-++-+-+-+
"Drops flat,  and af  ter the  great wa  ters break",-+-+-+-+-+,++-+--++-+
"Whit en  ing for half  a league,  and thin  them selves,",-+-+-+-+-+,+---+-+-+-+
"Far o  ver sands  mar bled  with moon  and cloud,",-+-+-+-+-+,+--++--+-+
From less  and less  to noth  ing;  thus  he fell,-+-+-+-+-+,-+-+-+-+-+
"Head- heav  y;  then  the knights,  who watched  him, roared",-+-+-+-+-+,++-+-+-+-+
And shout  ed and  leapt down  up on  the fall en;,-+-+-+-+-+,-+--++-+-+-
"There tram  pled out  his face  from be  ing known,",-+-+-+-+-+,++-+-+---+
"And sank  his head  in mire,  and slimed  them selves:",-+-+-+-+-+,-+-+-+-+-+
"Nor heard  the King  for their  own cries,  but sprang",-+-+-+-+-+,-+-+--++-+
"Through o  pen doors,  and sword  ing right  and left",-+-+-+-+-+,-+-+-+-+-+
"Men, wo  men, on  their sod  den fac  es,  hurled",-+-+-+-+-+,++---+-+-+
"The ta  bles o  ver and  the wines,  and slew",-+-+-+-+-+,-+-+-+-+-+
"Till all  the raf  ters rang  with wo  man- yells,",-+-+-+-+-+,-+-+-+-+-+
And all  the pave  ment streamed  with mas  sa cre.,-+-+-+-+-+,-+-+-+-+-+
"Our rev  els now  are end  ed.  These  our ac tors,",-+-+-+-+-+-,-+-+-+-+-+-
"As I  fore told  you,  were  all spir  its and",-+-+-+-+-+,-+-+--++-+|-+-+-+++--
"Are melt  ed in  to air,   in to  thin air;",-+-+-+-+-+,-+-+-+--++
"And, like  the base  less fab  ric of  this vi sion,",-+-+-+-+-+-,-+-+-+-+-+-
"The cloud-  capped tow  ers,  the gor  geous pal  ac es",-+-+-+-+-+,-+++--+-+-+
"The sol  emn tem  ples,  the  great globe  it self,",-+-+-+-+-+,-+-+--++-+
"Yea, all  which it  in her  it,  shall  dis solve,",-+-+-+-+-+,++-+-+---+|++---+-+-+
"And, like  this in  sub stan  tial pag  eant fad ed,",-+-+-+-+-+-,-+-+-+-+-+-
Leave not  a rack  be hind.  We are  such stuff,-+-+-+-+-+,+--+-++--+|+--+-++-++
"As dreams  are made  on,  and  our lit  tle life",-+-+-+-+-+,-+-+-+-+-+
"Is round  ed with  a sleep.  Sir, I  am vexed.",-+-+-+-+-+,-+-+-++--+
Bear with  my weak  ness:  my  old brain  is trou bled.,-+-+-+-+-+-,+--+--++-+-
Be not  dis turbed  with my  in fir  mi ty.,-+-+-+-+-+,-+-+-+-+-+
"If you  be pleased,  re tire  in to  my cell",-+-+-+-+-+,-+-+-+-+-+
And there  re pose.  A turn  or two  I'll walk,-+-+-+-+-+,-+-+-+-+-+
To still  my beat  ing mind.,-+-+-+,-+-+-+
"With how  sad steps,  O Moone,  thou climb'st  the  skies,",-+-+-+-+-+,-+++-+-+-+|-+++++-+-+
"How si  lent ly,  and with  how wanne  a  face,",-+-+-+-+-+,-+-+--++-+|++----++-+
"What,  may  it be  that e  ven in heav  en ly  place",-+-+-+-+-+-+,+--+-+--+--+
That bus  ie arch  er his  sharpe ar rowes  tries?,-+-+-+-+-+,-+-+--++-+
"Sure, if  that long  with Love  ac quaint  ed  eyes",-+-+-+-+-+,+--+-+-+-+
"Can judge  of Love,  thou feel'st  a Lov  er's  case;",-+-+-+-+-+,-+-+++-+-+
"I reade  it in  thy lookes,  thy lan  guisht  grace,",-+-+-+-+-+,-+-+-+-+-+
"To me  that feele  the like,  thy state  de  scries.",-+-+-+-+-+,-+-+-+-+-+
"Then ev'n  of fel low ship,  O Moone,  tell  me",-+-+-+-+-+,-+-+---+++|-+-+-+-+++
Is con  stant Love  deem'd there  but want  of  wit?,-+-+-+-+-+,-+-+++-+-+
Are Beau  ties there  as proud  as here  they  be?,-+-+-+-+-+,-+-+-+-+-+
"Do they  a bove  love to  be lov'd,  and  yet",-+-+-+-+-+,-+-++--+-+
Those Lov  ers scorne  whom that  Love doth  Pos  sesse?,-+-+-+-+-+,-+-+-++--+
Do they  call Ver  tue there  un grate  ful  nesse?,-+-+-+-+-+,-+-+-+-+-+
How at  once should  I  know,-+-+-+,+-+--+
When stretched  in the har  vest  blue,-+-+-+,-+--+-+
"I saw  the swift's  black  bow,",-+-+-+,-+-+++
That I would  not have  that  view,-+-+-+,--+-+-+
A noth  er  day,-+-+,-+-+
Un til  next  May,-+-+,-+++
A gain  it is  due?,-+-+,-+--+
The same  year af  ter  year--,-+-+-+,-++--+
But with  the swift  a  lone.,-+-+-+,-+-+-+
With o  ther things  I but  fear,-+-+-+,-+-+--+
That they  will be o  ver and  done,-+-+-+,-+--+--+
Sud  den  ly,-+-+,+-+
And I on  ly  see,-+-+,--+-+
Them to know  them  gone.,-+-+,--+-+
"'Twas bril  lig,  and  the slith  y  toves",-+-+-+-+,-+-+-+-+
Did gyre  and gim  ble in  the  wabe;,-+-+-+-+,-+-+-+-+
"All mim  sy were  the bo  ro  goves,",-+-+-+-+,++-+-+-+
And the  mome raths  out  grabe.,-+-+-+,--++-+
"""Be ware  the Jab  ber wock,  my  son!",-+-+-+-+,-+-+-+-+
"The jaws  that bite,  the claws  that  catch!",-+-+-+-+,-+-+-+-+
"Be ware  the Jub  jub bird,  and  shun",-+-+-+-+,-+-+-+-+
"The fru  mi ous Ban  der  snatch!""",-+-+-+,-+--+-+
He took  his vor  pal sword  in  hand:,-+-+-+-+,-+-+-+-+
Long time  the man  xome foe  he  sought-,-+-+-+-+,++-+-+-+
"So rest  ed he  by the Tum  tum  tree,",-+-+-+-+,-+-+--+-+
And stood  a while  in  thought.,-+-+-+,-+-+-+
"And as  in uf  fish thought  he  stood,",-+-+-+-+,-+-+-+-+
"The Jab  ber wock,  with eyes  of  flame,",-+-+-+-+,-+-+-+-+
"Came whif  fling through  the tul  gey  wood,",-+-+-+-+,-+-+-+-+
And bur  bled as  it  came!,-+-+-+,-+-+-+
"One, two!  One, two!  And through  and  through",-+-+-+-+,-+-+-+-+|++++-+-+
The vor  pal blade  went snick  er-  snack!,-+-+-+-+,-+-+-+-+
"He left  it dead,  and with  its  head",-+-+-+-+,-+-+-+-+
He went  ga lumph  ing  back.,-+-+-+,-+-+-+
"""And hast  thou slain  the Jab  ber  wock?",-+-+-+-+,-+-+-+-+
"Come to  my arms,  my beam  ish  boy!",-+-+-+-+,+--+-+-+
"O frab  jous day!  Cal looh!  Cal  lay!""",-+-+-+-+,-+-+-+-+|++-+-+-+
He chor  tled in  his  joy.,-+-+-+,-+-+-+
"''Twas bril  lig,  and  the slith  y  toves",-+-+-+-+,-+-+-+-+
Did gyre  and gim  ble in  the  wabe;,-+-+-+-+,-+-+-+-+
"All mim  sy were  the bo  ro  goves,",-+-+-+-+,++-+-+-+
And the  mome raths  out  grabe.,-+-+-+,--++-+
"I won  der, by  my troth,  what thou  and  I",-+-+-+-+-+,-+-+-+-+-+
"Did, till  we loved:  Were we  not weaned  till  then?",-+-+-+-+-+,+--++--+-+
"But sucked  on coun  try pleas  ures, child  ish  ly?",-+-+-+-+-+,-+-+-+-+-+
Or snort  ed we  in the Sev  en Sleep  ers'  den?,-+-+-+-+-+,-+-+--+-+-+
"'Twas so;  but this,  all pleas  ures fan  cies  be.",-+-+-+-+-+,-+-+++-+-+
"If e  ver a  ny beau  ty I  did  see,",-+-+-+-+-+,-+-+-+-+-+
"Which I  de sired,  and got,  'twas but  a dream  of  thee.",-+-+-+-+-+-+,-+-+-++--+-+
"And now  good- mor  row to  our wak  ing  souls,",-+-+-+-+-+,-+++---+-+
Which watch  not one  an oth  er out  of  fear;,-+-+-+-+-+,-+-+-+-+-+
"For love,  all love  of oth  er sights  con  trols,",-+-+-+-+-+,-+++-+-+-+
And makes  one lit  tle room  an eve  ry  where.,-+-+-+-+-+,-+++-+-+-+
"Let sea-  dis cover   ers to  new worlds  have  gone,",-+-+-+-+-+,-+-+--++-+
"Let maps  to oth  ers, worlds  on worlds  have  shown,",-+-+-+-+-+,-+-+-+-+-+
"Let us  pos sess  one world,  each hath  one, and  is  one.",-+-+-+-+-+-+,-+-+++-+--++
"My face  in thine  eye,  thine  in mine  ap  pears,",-+-+-+-+-+,++-+-+-+-+|+--+-+-+-+
And true  plain hearts  do in  the fac  es  rest;,-+-+-+-+-+,-+++---+-+
"Where can  we find  two bet  ter hem  i  spheres,",-+-+-+-+-+,+--+++-+-+
"With out  sharp north,  with out  de clin  ing  West?",-+-+-+-+-+,-+++-+-+-+
What e  ver dies  was not  mixed e  qual  ly;,-+-+-+-+-+,-+-+-+++-+
"If our  two loves  be one,  or thou  and  I",-+-+-+-+-+,-+++-+-+-+
"Love so  a like  that none  do slack  en,  none  can  die.",-+-+-+-+-+-+,+--+-+-+-+-+
"O Rose,  thou art  sick!",--+--+,-+--+|++--+
The in vis  i ble  worm,--+--+,--+--+
That flies  in the  night,--+--+,-+--+
In the howl  ing  storm,--+--+,--+-+
Has found  out thy  bed,--+--+,-+--+
"Of crim  son  joy,",--+--+,-+-+
And his dark  se cret  love,--+--+,--++-+
Does thy life  de  stroy.,--+--+,--+-+
That time  of year  thou mayst  in me  be  hold,-+-+-+-+-+,-+-+-+-+-+
"When yel  low leaves,   or none,   or few,   do  hang",-+-+-+-+-+,-+-+-+-+-+
"Up on  those boughs  which shake  a gainst  the  cold,",-+-+-+-+-+,-+-+-+-+-+
"Bare ru  ined cho irs,  where late  the sweet  birds  sang.",-+-+-+-+-+,++-+--+-+++
In me  thou seest  the twi  light of  such  day,-+-+-+-+-+,-+-+-+--++
As af  ter sun  set fad  eth in  the  west;,-+-+-+-+-+,-+-+-+-+-+
"Which by  and by  black night  doth take  a  way,",-+-+-+-+-+,-+-+++-+-+
"Death's sec  ond self,  that seals  up all  in  rest.",-+-+-+-+-+,++-+-+-+-+|++-+-+-+-+
"In me  thou seest  the glow  ing of  such  fi re ,",-+-+-+-+-+,-+-+-+--++-
"That on  the ash  es of  his youth  doth  lie,",-+-+-+-+-+,-+-+-+-+-+
"As the  death bed  where on  it must  ex  pi re,",-+-+-+-+-+,--++-+-+-+-
Con sumed  with that  which it  was nour  ished  by.,-+-+-+-+-+,-+-+-+-+-+
"This thou  per ceiv'st,  which makes  thy love  more  strong,",-+-+-+-+-+,+--+-+-+-+
To love  that well  which thou  must leave  ere  long.,-+-+-+-+-+,-+-+-+-+-+|-+++-+-+-+
"With how  sad steps,  O Moone,  thou climb'st  the  skies,",-+-+-+-+-+,-+++-+-+-+
"How si  lent ly,  and with  how wanne  a  face,",-+-+-+-+-+,-+----++-+
"What,  may  it be  that e  ven in  heav'n  ly  place",-+-+-+-+-+-+,+--+-+--+-+
That bus  ie arch  er his  sharpe ar rowes  tries?,-+-+-+-+-+,-+-+--++-+
"Sure, if  that long  with Love  ac quaint  ed  eyes",-+-+-+-+-+,+--+-+-+-+
"Can judge  of Love,  thou feel'st  a Lov  er's  case;",-+-+-+-+-+,-+-+-+-+-+
"I reade  it in  thy lookes,  thy lan  guisht  grace,",-+-+-+-+-+,-+-+-+-+-+
"To me  that feele  the like,  thy state  de  scries.",-+-+-+-+-+,-+-+-+-+-+
"Then ev'n  of fel low ship,  O Moone,  tell  me",-+-+-+-+-+,-+-+-+-+++
Is con  stant Love  deem'd there  but want  of  wit?,-+-+-+-+-+,-+-+-+-+-+
Are Beau  ties there  as proud  as here  they  be?,-+-+-+-+-+,-+-+-+-+-+
"Do they  a bove  love to  be lov'd,  and  yet",-+-+-+-+-+,-+-+-+-+-+
Those Lov  ers scorne  whom that  Love doth  Pos  sesse?,-+-+-+-+-+,-+-+-++--+
Do they  call Ver  tue there  un grate  ful  nesse?,-+-+-+-+-+,-+-+-+-+-+
"Since there's  no help,  come let  us kiss  and  part ;",-+-+-+-+-+,-+-++--+-+|+--++--+-+
"Nay, I have done, you get  no more  of  me ,",-+-+-+-+-+,+--+-+-+-+|+--+--++-+
"And I  am glad,  yea glad  with all  my  heart",-+-+-+-+-+,-+-+++-+-+
That thus  so clean   ly I  my self  can  free ;,-+-+-+-+-+,-+-+-+-+-+
"Shake hands  for ev  er,   can   cel all  our  vows ,",-+-+-+-+-+,++-+-+-+-+
"And when  we meet  at an  y time  a  gain ,",-+-+-+-+-+,-+-+-+-+-+
Be it  not seen  in ei  ther of  our  brows,-+-+-+-+-+,--++-+-+-+
That we  one jot  of for  mer love  re  tain .,-+-+-+-+-+,-+++-+-+-+
Now at  the last  gasp of  love's la  test  breath,-+-+-+-+-+,+--++-++-+
"When,   his  pulse fail  ing,   Pas  sion speech  less  lies ,",-+-+-+-+-+,+-++-+-+-+
"When Faith  is kneel  ing by  his bed  of  death ,",-+-+-+-+-+,-+-+-+-+-+
"And In  no cence  is clos  ing up  his  eyes ,",-+-+-+-+-+,-+-+-+-+-+
"Now if  thou wouldst,  when all  have giv  en him  o ver,",-+-+-+-+-+,+--+-+-+--+^
From death  to life  thou mightst  him yet  re  cov er .,-+-+-+-+-+,-+-+-+-+-+^
"She dwelt   among  the un trod  den  ways,",-+-+-+-+,-+-+--+-+
"Beside  the springs  of  Dove,",-+-+-+,-+-+-+
"A maid  whom there  were none  to  praise,",-+-+-+-+,-+-+-+-+
And ver y few  to   love.,-+-+-+,-+-+-+
"Out walk  ing in  the fro  zen swamp  one gray day,",-+-+-+-+-+,-+---+-+--+
"I paused  and said,   ""I will  turn back  from here.",-+-+-+-+-+,-+-++--+-+
"No, I  will go  on far  ther-- and we  shall see.""",-+-+-+-+-+,+--+-+--+-+
"The hard  snow held  me, save  where now  and then",-+-+-+-+-+,-+++-+-+-+
One foot  went through.   The view  was all  in lines,-+-+-+-+-+,++---+-+-+
Straight up  and down  of tall  slim  trees,-+-+-+-+-+,++-+-+++
Too much  a like  to mark  or name  a place by,-+-+-+-+-+,-+-+-+-+-+-|+--+-+-+-+-
So as  to say  for cer  tain I  was here,-+-+-+-+-+,+--+-+-+-+
Or some  where else:   I was  just far  from home.,-+-+-+-+-+,-+-++--+-+|-+-+--++-+
A small  bird flew  be fore  me.  He  was care ful,-+-+-+-+-+,-+++-+---+-
"To put  a tree  be tween  us when  he ligh ted,",-+-+-+-+-+,-+-+-+-+-+-
And say  no word  to tell  me who  he was,-+-+-+-+-+,-+++-+---+|-+++-+-+-+
Who was  so foo  lish as  to think  what he thought.,-+-+-+-+-+,--++-+-+-+-|+-++---+-+-
He thought  that I  was af  ter him for  a feath er--,-+-+-+-+-+,+--+-+--+-+-|-+-+-+--+-+-
The white  one in  his tail;   like one  who takes,-+-+-+-+-+,-+-+-+-+-+
Ever y  thing said  as per  son al to  him self.,-+-+-+-+-+,+--+-+--+-+
One flight  out side  ways would  have un  de ceived him.,-+-+-+-+-+,++-+---+-+-
And then  there was  a pile  of wood  for which,-+-+-+-+-+,-+-+-+-+-+
I for  got him  and let  his lit  tle fear,-+-+-+-+-+,+-+--+-+-+
"Car ry  him off  the way  I might  have gone,",-+-+-+-+-+,+--+-+-+-+
With out  so much  as wish  ing him  good- night.,-+-+-+-+-+,-+-+-+-+-+
He went  be hind  it to  make his  last stand.,-+-+-+-+-+,-+-+--+-++
"It was  a cord  of ma  ple,  cut  and split",-+-+-+-+-+,+--+-+-+-+
"And piled--  and mea  sured,  four  by four  by eight.",-+-+-+-+-+,-+-+-+-+-+
And not  a noth  er like  it could  I see.,-+-+-+-+-+,-+-+-+-+-+
No run  ner tracks  in this  year's snow  looped near it.,-+-+-+-+-+,-+-+-+-+++-
"And it  was ol  der sure  than this  year's cut ting,",-+-+-+-+-+,-+-+-+-+-+-
Or e  ven last  year's or  the year's  be fore.,-+-+-+-+-+,-+-++--+-+
The wood  was gray  and the  bark warp  ing off it,-+-+-+-+-+,-+-+--++-+-
And the  pile some  what sun  ken.  Cle  ma tis,-+-+-+-+-+,--++-+-+-+
Had wound  strings round  and round  it like  a bun dle.,-+-+-+-+-+,-+++-+---+-
What held  it though  on one  side was  a tree,-+-+-+-+-+,-+-+-++--+
"Still grow  ing,  and  on one  a stake  and prop,",-+-+-+-+-+,++---+-+-+
These la  tter a bout  to fall.   I thought  that on ly,-+-+-+-+-+,-+--+-+-+-+-
Some one  who lived  in turn  ing to  fresh tasks,-+-+-+-+-+,+--+-+--++
Could so  for get  his han  di work  on which,-+-+-+-+-+,-+-+-+-+-+
"He spent  him self,   the la  bor of  his ax,",-+-+-+-+-+,-+-+-+-+-+
And leave  it there  far from  a use  ful fi re place,-+-+-+-+-+,-+-++--+-+--
To warm  the fro  zen swamp  as best  it could,-+-+-+-+-+,-+-+-+-+-+
With the  slow smoke  less burn  ing of  de cay.,-+-+-+-+-+,--++-+-+-+
"Had I  the heav  ens' em broi  dered  cloths,",-+-+-+-+,-+-+--+-+
"En wrought  with gold  en and sil  ver  light,",-+-+-+-+,-+-+--+-+
The blue  and the dim  and the  dark  cloths,-+-+-+-+,-+--+--++
"Of night  and light  and the  half-  light,",-+-+-+-+,-+-+--++
I would spread  the cloths  un der  your  feet:,-+-+-+-+,--+-++--+
"But I,  be ing poor,  have on  ly my  dreams;",-+-+-+-+,-+--+-+--+
I have spread  my dreams  un der  your  feet;,-+-+-+-+,--+-++--+
Tread soft  ly be cause  you tread  on my  dreams.,-+-+-+-+,++--+-+--+|++----+--+
"Thou hast  made me,  and shall  thy work  de  cay?",-+-+-+-+-+,+-+---++-+
"Re pair  me now,  for now  mine end  doth  haste;",-+-+-+-+-+,-+-+-+-+-+
"I run  to death,  and death  meets me  as  fast,",-+-+-+-+-+,-+-+-+++-+
And all  my pleas  ures are  like yes  ter  day.,-+-+-+-+-+,-+-+--++-+
"I dare  not move  my dim  eyes a  ny  way,",-+-+-+-+-+,-+++-+++-+|-+-+-+++-+
De spair  be hind  and death  be fore  doth  cast,-+-+-+-+-+,-+-+-+-+-+
"Such ter  ror,  and  my fee  ble flesh  doth  waste",-+-+-+-+-+,++---+-+-+
"By sin  in it,  which it  towards hell  doth  weigh.",-+-+-+-+-+,-+-+-+-+-+
"On ly  thou art  a bove,  and when  towards  thee",-+-+-+-+-+,+-+--+-+-+
"By thy  leave I  can look,  I rise  a  gain;",-+-+-+-+-+,-++--+-+-+
But our  old sub  tle foe  so tempt  eth  me,-+-+-+-+-+,--++-+-+-+|--++-+++-+
That not  one hour  my self  I can  sus  tain.,-+-+-+-+-+,-+++-+---+
"Thy grace  may wing  me to  pre vent  his  art,",-+-+-+-+-+,++-+---+-+
And thou  like ad  a mant draw  mine i  ron  heart.,-+-+-+-+-+,-+-+--+-+-+
"When, in  dis grace  with for  tune and  men's  eyes,",-+-+-+-+-+,+--+-+--++
"I all  a lone  be weep  my out  cast  state,",-+-+-+-+-+,-+-+-+-+-+
"And trou  ble deaf  heav en  with my boot  less  cries,",-+-+-+-+-+,-+-++---+-+
"And look  up on  my self,  and curse  my  fate,",-+-+-+-+-+,-+-+-+-+-+
"Wish ing  me like  to one  more rich  in  hope,",-+-+-+-+-+,+--+-+-+-+|+--+-+++-+
"Fea tured  like him,  like him  with friends  pos  sessed,",-+-+-+-+-+,+--+-+-+-+
"De sir  ing this  man's art  and that  man's  scope,",-+-+-+-+-+,-+-+-+-+-+
With what  I most  en joy  con tent  ed  least;,-+-+-+-+-+,-+-+-+-+-+
"Yet in  these thoughts  my self  al most  de  spis ing,",-+-+-+-+-+,+-++-+-+-+-
"Hap ly  I think  on thee-- and then  my  state,",-+-+-+-+-+,+--+-+-+-+
Like to  the lark  at break  of day  a  ris ing,-+-+-+-+-+,+--+-+-+-+-
"From sul  len earth,  sings hymns  at heav  en's  gate;",-+-+-+-+-+,-+-+++-+-+
For thy  sweet love  re mem  bered such  wealth  brings,-+-+-+-+-+,-+++-+-+++
That then  I scorn  to change  my state  with  kings.,-+-+-+-+-+,-+-+-+-+-+
"Blow, winds,  and crack  your cheeks.  Rage, blow.",-+-+-+-+-+,++-+-+++
"You cat  a racts  and hur  ri ca  noes,  spout",-+-+-+-+-+,-+-+-+-+-+
"Till you  have drenched  our stee  ples, drowned  the cocks.",-+-+-+-+-+,+--+-+-+-+
"You sul  ph'rous and  thought- ex  e cut  ing fi res,",-+-+-+-+-+,-+--++-+-+-
"Vaunt- cou  riers of  oak- cleav  ing thun  der bolts,",-+-+-+-+-+,++--++-+-+
"Singe my  white head.  And thou,  all- shak  ing thun der,",-+-+-+-+-+,+-++-+++-+-
"Strike flat  the thick  ro tun  di ty of  the world,",-+-+-+-+-+,++-+-+--+-+
"Crack Na  ture's moulds,  all ger  mains spill  at once,",-+-+-+-+-+,++-+++-+-+
That makes  in grate  ful man.,-+-+-+,-+-+-+
"Christ  mas Eve,  and twelve  of the  clock.",-+-+-+-+,+-+-+--+
"""Now they  are all  on their  knees,""",-+-+-+,+--+--+
An el  der said  as we sat  in a  flock,-+-+-+-+,-+-+--+--+
By the em  bers in hearth  side  ease.,-+-+-+,--+--+-+
We pic  tured the meek  mild crea  tures  where,-+-+-+-+,-+--+++-+
"They dwelt  in their straw  y  pen,",-+-+-+,-+--+-+
Nor did  it oc cur  to one  of us  there,-+-+-+-+,-+--+-+--+
To doubt  they were kneel  ing  then.,-+-+-+,-+--+-+
So fair  a fan  cy few  would  weave,-+-+-+-+,-+-+-+-+
"In these  years!  Yet,  I  feel,",-+-+-+,-+-+-+
"If some  one said  on Christ  mas  Eve,",-+-+-+-+,-+-+-+-+
"""Come;  see  the ox  en  kneel",-+-+-+,+--+-+
"""In the lone  ly bar  ton by yon  der  coomb",-+-+-+-+,--+-+--+-+
"Our child  hood used  to  know,""",-+-+-+,-+-+-+
"I should  go with  him in  the  gloom,",-+-+-+-+,-+-+-+-+|+-+--+-+|+--+-+-+
Hop ing  it might  be  so.,-+-+-+,+--+-+
"The night  is freez  ing  fast,",-+-+-+,-+-+-+
To- mor  row comes  De  cem ber;,-+-+-+,-+-+-+-
And win  ter  falls  of   old,-+-+-+,-+-+-+
Are with  me from  the   past;,-+-+-+,-+-+-+
And chief  ly I  re  mem ber,-+-+-+,-+-+-+-
How Dick  would hate  the   cold.,-+-+-+,-+-+-+
"Fall, win  ter, fall;  for  he,",-+-+-+,++-+-+
"Prompt hand  and head  piece  clev er,",-+-+-+,++-+-+-
"Has wo  ven a win  ter  robe,",-+-+-+,-+--+-+
And made  of earth  and   sea,-+-+-+,-+-+-+
"His ov  er coat  for  ev er,",-+-+-+,-+-+-+-
And wears  the turn  ing  globe.,-+-+-+,-+-+-+
"The night  is freez  ing fast,",-+-+-+,-+-+-+
To-mor  row comes  De cem ber;,-+-+-+,-+-+-+^
And win  ter  falls  of old,-+-+-+,-+-+-+
Are with  me from  the past;,-+-+-+,-+-+-+
And chief  ly I  re mem ber,-+-+-+,-+-+-+^
How Dick  would hate  the cold.,-+-+-+,-+-+-+
"Fall, win  ter, fall;  for he,",-+-+-+,++-+-+
Prompt hand  and head  piece clever,-+-+-+,++-+-+^
"Has wo  ven a win  ter robe,",-+-+-+,-+--+-+
And made  of earth  and sea,-+-+-+,-+-+-+
"His ov  er coat  for ev er,",-+-+-+,-+-+-+^
And wears  the turn  ing globe.,-+-+-+,-+-+-+
"Ah Sun-  flow er, wear  y of  time,",--+--+--+,-+--+--+
"Who count  est the steps  of the  Sun,",--+--+--+,-+--+--+
Seek ing af  ter that sweet  gold en  clime,--+--+--+,--+--+--+|+-+--+--+
Where the trav  el ler's jour  ney is  done;,--+--+--+,--+--+--+
"Where the Youth  pined a way  with de si  re,",--+--+--+,--+--+--+(-)|--++-+--+(-)
"And the pale  Vir gin shroud  ed in  snow,",--+--+--+,--+--+--+|--++-+--+
"A rise from  their graves and  a spi  re,",--+--+--+,-+--+--+(-)
Where my Sun-  flow er wish  es to  go.,--+--+--+,--+--+--+
A slum  ber did  my spir  it  seal;,-+-+-+-+,-+-+-+-+
I had  no hu  man  fears:,-+-+-+,--++-+|-+-+-+
She seemed  a thing  that could  not  feel,-+-+-+-+,-+-+-+-+
The touch  of earth  ly  years.,-+-+-+,-+-+-+
"No mo  tion has  she now,  no  force;",-+-+-+-+,++---+++|-+-+-+++|++-+-+++
She nei  ther hears  nor  sees;,-+-+-+,-+-+-+
"Rolled round  in earth's  di ur  nal  course,",-+-+-+-+,++-+-+-+
With rocks  and stones  and  trees.,-+-+-+,-+-+-+
"Nor less,  when spring  had warmed  the cul  tured Vale,",-+-+-+-+-+,-+-+-+-+-+
Moved we  as plun  der ers where  the moth  er bird,-+-+-+-+-+,+--+--+-+-+
Had in  high plac  es built  her lodge;  though mean,-+-+-+-+-+,--++-+-+-+
"Our ob  ject and  in glor  i ous,  yet  the end",-+-+-+-+-+,-+-+-+--+-+
Was not  ig no  ble.  Oh!  when I  have hung,-+-+-+-+-+,-+-+-+-+-+
"A bove  the ra  ven's nest,  by knots  of grass",-+-+-+-+-+,-+-+-+-+-+
And half-  inch fis  sures in  the slip  per y rock,-+-+-+-+-+,-+++---+--+
"But ill  sus tained,  and al  most (so  it seemed)",-+-+-+-+-+,-+-+-++--+
"Sus pend ed by  the blast  that blew  a main,",-+-+-+-+-+,-+-+-+-+-+
"Shoul der  ing the na  ked crag,  oh, at  that time",-+-+-+-+-+,+---+-++-++
"While on  the per  il ous ridge  I hung  a lone,",-+-+-+-+-+,-+-+--+-+-+
With what  strange ut  ter ance  did the loud  dry wind,-+-+-+-+-+,-+++----+++
Blow through  my ear!  the sky  seemed not  a sky,-+-+-+-+-+,+--+-+-+-+
Of earth— and with  what mo  tion moved  the clouds!,-+-+-+-+-+,-+--++-+-+
She dotes  on what  the wild  birds  say,-+-+-+-+,-+-+-+++|-+---+++
"Or hint  or mock  at, night  and  day,--",-+-+-+-+,-+-+-+-+
"Thrush, black  bird, all  that sing  in  May",-+-+-+-+,++-+-+-+
"And song  less plo  ver,",-+-+,-+-+-
"Hawk, her  on, owl,  and wood  peck  er.",-+-+-+-+,++-+-+-+
They ne  ver say  a word  to  her,-+-+-+-+,-+-+-+-+
A bout  her lo  ver.,-+-+,-+-+-
"She laughs  at them  for child  ish  ness,",-+-+-+-+,-+-+-+-+
She cries  at them  for care  less  ness,-+-+-+-+,-+-+-+-+
Who see  her go  ing lo  ver  less,-+-+-+-+,-+-+-+-+
Yet sing  and chat  ter,-+-+,-+-+-
"Just as  when he  was not  a  ghost,",-+-+-+-+,+-+--+-+
Nor e  ver ask  her what  she has  lost,-+-+-+-+,-+-+-+--+
Or what  is the mat  ter.,-+-+,-+--+-
Yet she  has fan  cied black  birds  hide,-+-+-+-+,-+-+-+-+
"A se  cret,  and  that thru  shes  chide",-+-+-+-+,-+-+-+-+
Be cause  she thinks  death can  di  vide,-+-+-+-+,-+-++--+
Her from  her lo  ver;,-+-+,+--+-
"And she  has slept,   try ing  to trans  late",-+-+-+-+,-+-++---+
The word  the cuck  oo cries  to his  mate,-+-+-+-+,-+-+-+--+
O ver  and o  ver.,-+-+,+--+-
"I caught  this mor ning mor ning's min ion,  king-",-+-+-+-+-+,-+-+-+-+-+
"dom of day light's dau phin, dap ple-dawn- drawn Fal con, in his  rid  ing",-+-+-+-+-+,--+-+---+-+---+-
"Of the rol ling lev el un der neath  him stead y air, and  strid  ing",-+-+-+-+-+,--+-----+-+-+-+-|-+-+-+-+--+
"High there,  how he rung  upon the rein  of a wim pling  wing",-+-+-+-+-+,+---+---+--+-+
"In his ec sta sy!   then off,  off forth  on  swing,",-+-+-+-+-+,--+---+++-+
As a skate's  heel sweeps smooth  on a bow- bend:                                                    the hurl  and  glid  ing,-+-+-+-+-+,--+--+--+--+-+-
Re buffed  the big > wind.    My heart  in  hid  ing,-+-+-+-+-+,-+-++-+-+-
"Stirred for   a bird,--  the a chieve  of, the mas tery of the  thing!",-+-+-+-+-+,+--+--+--+----+
"Brute beau ty and val lour and act, oh, air, pride, plume,  here",-+-+-+-+-+,++--+--+-++++
"Buckle!  AND the fire  that breaks  from thee  then, a  bil  lion",-+-+-+-+-+,+-+-+-+-+--+-
"Times told  love li er, more dan ger ous,                        O my che val  ier!",-+-+-+-+-+,+++---+--+---+
No won der of it:  sheer plod  makes plough  down  sillion,-+-+-+-+-+,-+---++-+-+-
"Shine,  and blue- bleak em  bers, ah  my  dear,",-+-+-+-+-+,+-+++-+-+
"Fall, gall   them selves  and gash   gold- ver  mil>sb/>ion.",-+-+-+-+-+,++---++-+-
Life of  Life!  thy  lips en  kin  dle,+-+-+-+-,+-+-+-+-
With their  love the  breath be  tween  them;,+-+-+-+-,+-+-+-+-
And thy  smiles be  fore they  dwin  dle,+-+-+-+-,+-+-+-+-
Make the  cold air  fi re;  then  screen  them,+-+-+-+-,+-+++--+-
"In those  looks, where  who so  gaz  es",+-+-+-+-,+-+-+-+-
"Faints, en  tan gled  in their  maz  es.",+-+-+-+-,+-+-+-+-
Child of  Light!  thy  limbs are  burn  ing,+-+-+-+-,+-+-+-+-
Thro' the  vest which  seems to  hide  them;,+-+-+-+-,+-+-+-+-
As the  ra di ant  lines of  morn  ing,+-+-+-+-,+-+--+-+-
Thro' the  clouds ere  they div  ide  them;,+-+-+-+-,+-++--+-
And this  at mo  sphere div  in  est,+-+-+-+-,+-+-+-+-
Shrouds thee  where so  e'er thou  shin  est.,+-+-+-+-,+-+-+-+-
"Fair are  oth ers;  none be  holds  thee,",+-+-+-+-,+-+-+-+-
But thy  voice sounds  low and  ten  der,+-+-+-+-,+-+++-+-
"Like the  fair est,  for it  folds  thee",+-+-+-+-,+-+-+-+-
"From the  sight,  that  liq uid  splen  dour,",+-+-+-+-,+-+-+-+-
"And all  feel,  yet  see thee  nev  er,",+-+-+-+-,-++-+-+-
"As I  feel now,  lost for  e  ver!",+-+-+-+-,-+-++-+-|-++++-+-
Lamp of  Earth!  where'  er thou  mov  est,+-+-+-+-,+-+-+-+-
Its dim  shapes are  clad with  bright  ness,+-+-+-+-,-++-+-+-
And the  souls of  whom thou  lov  est,+-+-+-+-,+-+-+-+-
"Walk up  on the  winds with  light  ness,",+-+-+-+-,+-+-+-+-
"Till they  fail,  as  I am  fail  ing,",+-+-+-+-,+-+-+-+-
"Diz zy,  lost, yet  un be  wail  ing!",+-+-+-+-,+-+-+-+-
"I look  in to  my  glass,",-+-+-+,-++--+|-+-+-+
"And view  my wast  ing  skin,",-+-+-+,-+-+-+
"And say,  ""Would God  it came  to  pass",-+-+-+-+,-+++-+-+
"My heart  had shrunk  as  thin!""",-+-+-+,-+-+-+
"For then,  I,  un  dis  trest",-+-+-+,-+-+-+
"By hearts  grown cold  to  me,",-+-+-+,-+++-+
Could lone  ly wait  my end  less  rest,-+-+-+-+,-+-+-+-+
With e  qua ni  mi  ty.,-+-+-+,-+-+-+
"But Time  to make  me  grieve,",-+-+-+,-+-+-+
"Part steals,  lets part  a  bide;",++-+-+,++-+-+
And shakes  this frag  ile frame  at  eve,-+-+-+-+,-+-+-+-+
With throb  bings of  noon  tide.,-+-+-+,-+--++
"Be low  the thun  ders of  the up  per  deep,",-+-+-+-+-+,-+-+-+-+-+
"Far, far  be neath  in the  a bys mal  sea,",-+-+-+-+-+,++-+---+-+
"His an  cient, dream  less, un in  va ded   sleep",-+-+-+-+-+,-+-+-+-+-+
The Kra  ken sleep  eth:  faint  est sun  lights  flee,-+-+-+-+-+,-+-+-+-+-+
A bout  his shad  ow y sides:   a bove  him  swell,-+-+-+-+-+,-+-+--+-+-+
Huge spon  ges of  mil len  ni al growth  and  height;,-+-+-+-+-+,++---+--+-+
"And far  a way  in to  the sick  ly  light,",-+-+-+-+-+,-+-+-+-+-+
From man  y a won  drous grot  and se  cret  cell,-+-+-+-+-+,-+--+-+-+-+
Un num  bered and  e nor mous pol  y  pi,-+-+-+-+-+,++---+-+-+
Win now  with gi  ant arms  the slum  ber ing  green.,-+-+-+-+-+,+--+-+-+--+
There hath  he lain  for a  ges and  will  lie,-+-+-+-+-+,+--+-+--++|+--+-+-+-+
"Bat ten ing up on  huge sea  worms in  his  sleep,",-+-+-+-+-+,+---+++---+|+---+++-+-+
Un til  the lat  ter fi  re shall heat  the  deep;,-+-+-+-+-+,-+-+-+--+-+
"Then once  by man  and an  gels to  be  seen,",-+-+-+-+-+,++-+-+---+|-+-+-+-+-+
In roar  ing he  shall rise  and on  the sur  face  die.,-+-+-+-+-+-+,-+-+-+-+-+-+
Come to  me in  the si  lence of  the  night ;,-+-+-+-+-+,+--+-+-+-+
Come in  the speak  ing si  lence of  a  dream ;,-+-+-+-+-+,+--+-+-+-+
Come with  soft round  ed cheeks  and eyes  as  bright,-+-+-+-+-+,+-++-+-+-+
As sun  light on  a  stream ;,-+-+-+,-+-+-+
"Come back  in  tears ,",-+-+,-+-+
"O mem  o ry, hope  and love  of fin  ished  years .",-+-+-+-+-+,-+--+-+-+-+
"O dream  how sweet,  too sweet,  too bit  ter-  sweet ,",-+-+-+-+-+,-+-+++-+-+|-+++++-+-+|-+++++++-+
"Whose wak  en ing should  have been  in Par  a  dise ,",-+-+-+-+-+,-+--+-+-+-+
Where souls  brim- full  of love  a bide  and  meet ;,-+-+-+-+-+,-+++-+-+-+
Where thirst  ing long  ing  eyes,-+-+-+,-+-+-+
Watch the  slow  door,-+-+,+-++
"That o  pen ing,   let  ting in,  lets out  no  more .",-+-+-+-+-+,-+--+-+-+++|-+--+-+-+-+
"Yet come  to me  in dreams,  that I  may  live",-+-+-+-+-+,-+-+-+-+-+
My ver  y life  a gain  though cold  in  death ;,-+-+-+-+-+,-+-+-+-+-+
"Come back  to me  in dreams,  that I  may  give",-+-+-+-+-+,-+-+-+-+-+
"Pulse for  pulse,   breath  for  breath :",-+-+-+,+-++-+
"Speak low,  lean  low ,",-+-+,++++
"As long  a go,  my love,  how long  a  go .",-+-+-+-+-+,-+-+-+-+-+
"My sweet  est Les  bi a, let  us live  and  love,",-+-+-+-+-+,-+-+--+-+-+
"And though  the sag  er sort  our deeds  re  prove,",-+-+-+-+-+,-+-+-+-+-+
Let us  not weigh  them.  Heaven's  great lamps  do  dive,-+-+-+-+-+,+--+-+++-+|-+-+-+++-+
"In to  their west,  and straight  a gain  re  vive,",-+-+-+-+-+,+--+-+-+-+
"But soon  as once  set is  our lit  tle  light,",-+-+-+-+-+,-+-++-++-+
Then must  we sleep  one e  ver- dur  ing  night.,-+-+-+-+-+,+--+++-+-+|+-++++-+-+
"If all  would lead  their lives  in love  like  me,",-+-+-+-+-+,-+-+-+-+-+
Then blood  y swords  and ar  mor should  not  be;,-+-+-+-+-+,-+-+-+-+-+
"No drum  nor trum  pet peace  ful sleeps  should  move,",-+-+-+-+-+,-+-+-+-+-+|++-+-+-+-+
Un less  a larm  came from  the camp  of  love.,-+-+-+-+-+,-+-++--+-+
"But fools  do live  and waste  their lit  tle  light,",-+-+-+-+-+,-+-+-+-+-+
And seek  with pain  their e  ver- dur  ing  night.,-+-+-+-+-+,-+-+-+-+-+
"When time  ly death  my life  and for  tune  ends,",-+-+-+-+-+,-+-+-+-+-+
"Let not  my hearse  be vexed  with mourn  ing  friends,",-+-+-+-+-+,-+-+-+-+-+|+--+-+-+-+
"But let  all lov  ers, rich  in tri  umph,  come",-+-+-+-+-+,-+++-+-+-+
And with  sweet pas  times grace  my hap  py  tomb;,-+-+-+-+-+,--++-+-+-+
"And Les  bi a, close  up thou  my lit  tle  light,",-+-+-+-+-+,-+--+-+-+-+
And crown  with love  my e  ver- dur  ing  night.,-+-+-+-+-+,-+-+-+-+-+
"When a man  hath no free  dom to fight  for at  home,",--+--+--+--+,--+--+--+--+
Let him com  bat for that  of his neigh  bours;,--+--+--+,--+--+--+-
"Let him think  of the glor  ies of Greece  and of  Rome,",--+--+--+--+,--+--+--+--+
"And get knocked  on the head  for his la bours,",--+--+--+,--+--+--+-
"To do good  to man kind  is the chiv  al rous  plan,",--+--+--+--+,--+--+--+--+
And is al  ways as no  bly re quit  ed;,--+--+--+,--+--+--+-
"Then bat  tle for free  dom wher e  ver you  can,",--+--+--+--+,-+--+--+--+
And if not  shot or hanged  you'll get knight  ed.,--+--+--+,--+--+--+-
"They leave  us so  to the way  we  took,",-+-+-+-+,-+-+--+-+
"As two  in whom  they were proved  mis tak  en,",-+-+-+-+,-+-+--+-+(-)
"That we sit  some times  in the way  side  nook,",-+-+-+-+,--+-+--+-+
"With mis   chie vous, va  grant, se raph ic  look,",-+-+-+-+,-+--+--+-+
And try  if we can  not feel  for sak  en.,-+-+-+-+,-+--+-+-+(-)
"Be low  the thun  ders of  the up  per  deep,",-+-+-+-+-+,-+-+-+-+-+
"Far, far  be neath  in the  ab ys mal  sea,",-+-+-+-+-+,++-+---+-+
"His an  cient, dream  less, un  in va  ded  sleep",-+-+-+-+-+,-+-+-+-+-+
The Kra  ken sleep  eth:   fain  test sun  lights  flee,-+-+-+-+-+,-+-+-+-+-+
A bout  his sha  dow y sides:   a bove  him  swell,-+-+-+-+-+,-+-+--+-+-+
Huge spon  ges of mil len  ni al growth  and  height;,-+-+-+-+-+,++---+--+-+
"And far  a way  in to  the sick  ly  light,",-+-+-+-+-+,-+-+-+-+-+
From man  y a won  drous grot and se  cret  cell,-+-+-+-+-+,-+--+-+-+-+
Un num  bered and  e nor  mous  pol  y pi pi,-+-+-+-+-+,++---+-+-+
Win now  with gi  ant arms  the slum  ber ing  green.,-+-+-+-+-+,+--+-+-+--+
There hath  he lain  for a  ges and will  lie,-+-+-+-+-+,+--+-+--++|+--+-+-+-+
"Bat ten  ing up on  huge sea  worms in  his  sleep,",-+-+-+-+-+,+---+++---+|+---+++-+-+
Un til  the lat  ter fi  re shall heat  the  deep;,-+-+-+-+-+,-+-+-+-+-+
"Then once  by man  and an  gels to  be  seen,",-+-+-+-+-+,++-+-+---+|-+-+-+-+-+
In roar  ing he  shall rise  and on  the sur  face  die.,-+-+-+-+-+,-+-+-+-+-+-+
The Brain-- is wid  er than  the  Sky,-+-+-+-+,-+-+-+-+
For--  put  them side  by  side--,-+-+-+,-+-+-+
The one  the oth  er will  con tain,-+-+-+-+,-+-+-+-+
With ease--  and You-- be  side--,-+-+-+,-+-+-+
The Brain  is deep  er than  the  sea--,-+-+-+-+,-+-+-+-+
For--  hold  them--  Blue  to  Blue--,-+-+-+,-+-+-+
The one  the oth  er will  ab sorb--,-+-+-+-+,-+-+-+-+
As spong  es--  buck  ets--  do--,-+-+-+,-+-+-+
The Brain  is just  the weight  of  God--,-+-+-+-+,-+-+-+-+
For--  Heft  them--  Pound  for  Pound--,-+-+-+,-+-+-+
And they  will dif  fer--  if  they do--,-+-+-+-+,-+-+-+-+
As Syl  lab le  from  Sound--,-+-+-+,-+-+-+
Long lines   of cliff  break ing  have left  a chas m;,-+-+-+-+-+,++-++--+-+-
And in  the chas  m are foam  and yel  low sands;,-+-+-+-+-+,-+-+--+-+-+
Be yond  red roofs  a bout  a nar  row wharf,-+-+-+-+-+,-+++-+-+-+
In clus  ter;  then  a moul  dered church;  and high er,-+-+-+-+-+,-+-+-+-+-+-
A long  street climbs  to one  tall- tow  ered mill;,-+-+-+-+-+,-+++-+++-+
And high  in hea  ven be hind  it a  gray down,-+-+-+-+-+,-+-+--+--++
"With Dan  ish bar  rows;   and  a haz  el  wood,",-+-+-+-+-+,-+-+-+-+-+
"By aut  umn nut  ters haun  ted, flour  ish es",-+-+-+-+-+,-+-+-+-+-+
Green in  a cup  like hol  low of  the down.,-+-+-+-+-+,+--+++---+|+--+-+-+-+
The old  dog barks back wards without  getting  up.,--+--+--+--+,-++++--+--+
I              can remem ber             when he  was a  pup.,-+-+-+-+-+,+--+--+--+
Full fath  om five  thy fa  ther  lies;,-+-+-+-+,++-+-+-+
Of  his bones  are cor  al  made;,-+-+-+-+,+-+-+-+
Those  are pearls  that were  his  eyes:,-+-+-+-+,+-+-+-+
"Noth  ing of  him that  doth  fade,",-+-+-+-+,+-+-+-+
But  doth suf  fer a  sea  change,-+-+-+-+,+-+--++
In  to some  thing rich  and  strange.,-+-+-+-+,+-+-+-+
Sea  nymphs ho  ur ly ring  his  knell:,-+-+-+-+,+-+--+-+
Ding- dong.,++,++
"Hark! Now  I hear  them:  Ding-  dong,  bell.",-+-+-+-+,+--+-+++
"South ward  through E  den went  a riv  er large,",-+-+-+-+-+,+--+-+-+-+
"Nor chang'd  his course,  but through  the shag  gy hill",-+-+-+-+-+,-+-+-+-+-+
"Pass'd un  der neath  in gulft,  for God  had thrown",-+-+-+-+-+,+--+-+-+-+|++-+-+-+-+
That moun  tain as  his gar  den mould  high rais'd,-+-+-+-+-+,-+---+-+++
"Up on  the rap  id cur  rent, which  through veins",-+-+-+-+-+,-+-+-+-+-+
"Of por  ous Earth  with kind  ly thirst  up- drawn,",-+-+-+-+-+,-+-+-+-+++
"Rose a  fresh foun  tain,  and  with man  y a rill",-+-+-+-+-+,+-++-+-+--+|+-++---+--+
Wa ter'd  the Gar  den;  thence  u nit  ed fell,-+-+-+-+-+,+--+-+-+-+
"Down the  steep glade,  and met  the neth  er Flood,",-+-+-+-+-+,+-++-+-+-+
"Which from  his dark  some pas  sage now  ap pears,",-+-+-+-+-+,+--+-+-+-+
"And now  div id  ed in  to four  main Streams,",-+-+-+-+-+,-+-+---+++|-+-+-+-+++
"Runs di  verse,  wan  d'ring man  y a fa  mous Realm",-+-+-+-+-+,+-++-+--+-+|++-+-+--+-+
"And coun  try where  of here  needs no  ac count,",-+-+-+-+-+,-+-+-+-+-+
"But rath  er to  tell how,  if Art  could tell,",-+-+-+-+-+,-+--++-+-+
"How from  that Sap  phire Fount  the crisp  ed Brooks,",-+-+-+-+-+,+--+-+-+-+
"Roll ing  on O  ri ent Pearl  and sands  of Gold,",-+-+-+-+-+,+--+--+-+-+
With maz  y er  ror un  der pen  dant shades,-+-+-+-+-+,-+-+-+-+-+
"Ran nec  tar,  vis  it ing  each plant,  and fed",-+-+-+-+-+,++-+--++-+
"Flow'rs worth  y of Par  a dise,  which not  nice Art",-+-+-+-+-+,++--+---+++|++--+-+-+++
"In Beds  and cur  i ous Knots,  but Na  ture boon",-+-+-+-+-+,-+-+--+-+-+
Pour'd forth  pro fuse  on Hill  and Dale  and Plain.,-+-+-+-+-+,++-+-+-+-+
Deep in  the shad  y sad  ness of  a vale,-+-+-+-+-+,+--+-+-+-+
"Far sunk  en from  the health  y breath  of morn,",-+-+-+-+-+,++---+-+-+
"Far from  the fi  e ry noon,  and eve's  one star,",-+-+-+-+-+,+--+--+-+++
"Sat gray-  hair'd Sat  urn qui  et as  a stone,",-+-+-+-+-+,++++-+---+
Still as  the si  lence round  a bout  his lair;,-+-+-+-+-+,+--+-+-+-+
For est  on for  est hung  a bove  his head,-+-+-+-+-+,+--+-+-+-+
"Like cloud  on cloud.  No stir  of air  was there,",-+-+-+-+-+,-+-+++-+-+
Not so  much life  as on  a sum  mer's day,-+-+-+-+-+,-+-+-+-+-+
"Robs not  one light  seed from  the fea  ther'd grass,",-+-+-+-+-+,+++++--+-+
"But where  the dead  leaf fell,  there did  it rest.",-+-+-+-+-+,-+-++++--+
"A stream  went voice  less by,  still dead  en'd more",-+-+-+-+-+,-+-+-+++-+
By rea  son of  his fall  en div in  i ty,-+-+-+-+-+,-+-+-+--+-+
Spread ing  a shade:  the Nai  ad mid  her reeds,-+-+-+-+-+,+--+-+-+-+
Press'd her  cold fin  ger clos  er to  her lips.,-+-+-+-+-+,+-++-+-+-+|+-++-+---+
"Nuns fret  not at  their con  vent's nar  row  room,",-+-+-+-+-+,+++--+-+-+
"And her  mits are  con tent  ed with  their  cells,",-+-+-+-+-+,-+-+-+-+-+
And stu  dents with  their pen  sive cit  a  dels;,-+-+-+-+-+,-+-+-+-+-+
"Maids at  the wheel,  the weav  er at  his  loom,",-+-+-+-+-+,+--+-+-+-+
"Sit blithe  and hap  py;  bees  that soar  for  bloom,",-+-+-+-+-+,++-+-+-+-+
"High as  the high  est peak  of Fur  ness  fells,",-+-+-+-+-+,+--+-+-+-+
Will mur  mur by  the hour  in fox  glove  bells:,-+-+-+-+-+,-+-+-+-+-+
"In truth  the pris  on, un  to which  we  doom",-+-+-+-+-+,-+-+-+-+-+
"Our selves,  no pris  on is:  and hence  for  me,",-+-+-+-+-+,-+-+-+-+-+
"In sun  dry moods,  'twas pas  time to  be  bound",-+-+-+-+-+,-+-+-+-+-+
With in  the Son  net's scan  ty plot  of  ground;,-+-+-+-+-+,-+-+-+-+-+
Pleased if  some souls  (for such  there needs  must  be),-+-+-+-+-+,+-++-+-+-+
"Who have felt  the weight  of too  much li  ber  ty,",-+-+-+-+-+,--+-+-+++-+
"Should find  brief sol  ace there,  as I  have  found.",-+-+-+-+-+,-+++-+-+-+
"What evs When as  in silks  my Ju  lia  goes,",-+-+-+-+,-+-+-+-+
"Then, then  (me thinks)  how sweet  ly  flows",-+-+-+-+,++-+-+-+
That li  que fac  tion of  her  clothes.,-+-+-+-+,-+-+-+-+
"Next, when  I cast  mine eyes  and  see",-+-+-+-+,+--+-+-+
"That brave  vi bra  tion each  way  free,",-+-+-+-+,-+-+-+++
O how  that glit  ter ing tak  eth  me!,-+-+-+-+,+--+--+-+
"I strove  with none,  for none  was worth  my  strife:",-+-+-+-+-+,-+-+-+-+-+
"Na ture  I loved,  and, next  to Na  ture,  Art:",-+-+-+-+-+,+--+-+-+-+
I warm'd  both hands  be fore  the fire  of  Life;,-+-+-+-+-+,-+++-+-+-+
It sinks;  and I  am read  y to  de  part.,-+-+-+-+-+,-+-+-+-+-+|++-+-+---+
"There was nev  er a sound  be side  the wood  but  one,",-+-+-+-+-+,--+--+-+-+-+
And that  was my long  scythe whis  per ing to  the  ground.,-+-+-+-+-+,-+--+++--+-+
What was  it it whis  pered?  I knew  not well  my  self;,-+-+-+-+-+,-+--+--+-+-+
"Per haps  it was some  thing a bout  the heat  of the  sun,",-+-+-+-+-+,-+--+--+-+--+
"Some thing,  per haps,  a bout  the lack  of  sound--",-+-+-+-+-+,+--+-+-+-+
And that  was why  it whis  pered and did  not  speak.,-+-+-+-+-+,-+-+-+--+-+
"It was  no dream  of the gift  of i  dle hou  rs,",-+-+-+-+-+,--++--+-+-+-
Or eas  y gold  at the hand  of fay  or  elf:,-+-+-+-+-+,-+-+--+-+-+
An y  thing more  than the truth  would have seemed  too  weak,-+-+-+-+-+,+--+--+--+-+|+--+--+--+++
"To the ear  nest love  that laid  the swale  in  rows,",-+-+-+-+-+,--+-+-+-+-+
Not with  out fee  ble point  ed spikes  of flow  ers,-+-+-+-+-+,+-++-+-+-+-|+--+-+-+-+-
"(Pale or  chis es),  and scared  a bright  green  snake.-",-+-+-+-+-+,++---+-+++
The fact  is the sweet  est dream  that la  bor  knows.,-+-+-+-+-+,-+--+-+-+-+
My long  scythe whis  pered and left  the hay  to  make.,-+-+-+-+-+,-+++--+-+-+
"I must  not think  of thee;  and,  ti  red yet  strong,",-+-+-+-+-+,-+-+-+-+--+
I shun  the love  that lurks  in all  de  light--,-+-+-+-+-+,-+-+-+-+-+
"The love  of thee-- and in  the blue  heaven's  height,",-+-+-+-+-+,-+-+---+++
And in  the dear  est pas  sage of  a  song.,-+-+-+-+-+,-+-+-+-+-+
"Oh, just  be yond  the sweet  est thoughts  that  throng",-+-+-+-+-+,++-+-+-+-+
"This breast,  the thought  of thee  waits, hid  den yet  bright;",-+-+-+-+-+,-+-+-+++--+
"But it  must nev  er, nev  er come  in  sight;",-+-+-+-+-+,-+-+-+-+-+
I must  stop short  of thee  the whole  day  long.,-+-+-+-+-+,--++---+++|--++-+-+++
"But when  sleep comes  to close  each dif  fi cult  day,",-+-+-+-+-+,--++-+++--+
"When night  gives pause  to the  long watch  I  keep,",-+-+-+-+-+,-+++--++-+
"And all  my bonds  I needs  must loose  a  part,",-+-+-+-+-+,-+-+-+-+-+
Must doff  my will  as rai  ment laid  a  way--,-+-+-+-+-+,-+-+-+-+-+
With the  first dream  that comes  with the  first  sleep,-+-+-+-+-+,--++-+--++
"I run,  I run,  I am gath  ered to  thy  heart.",-+-+-+-+-+,-+-+--+-+-+
"Though I  am young,  and can  not  tell",-+-+-+-+,-+-+-+-+
"Ei ther  what Death  or Love  is  well,",-+-+-+-+,+--+-+-+
"Yet I  have heard  they both  bear  darts,",-+-+-+-+,-+-+-+++
And both  do aim  at hu  man  hearts.,-+-+-+-+,-+-+-+-+
"And then  a gain,  I have  been  told",-+-+-+-+,-+-++--+
"Love wounds  with heat,  as Death  with  cold;",-+-+-+-+,++-+-+-+
So that  I fear  they do  but  bring,-+-+-+-+,+--+-+-+
"Ex tremes  to touch,  and mean  one  thing.",-+-+-+-+,-+-+-+++
As in  a ru  in we  it  call,-+-+-+-+,-+-+-+-+|+--+-+-+
"One thing  to be  blown up,  or  fall;",-+-+-+-+,++--++-+
Or to  o ur end  like way  may  have,-+-+-+-+,-+--+++-+
"By a flash  of light  ning, or  a  wave;",-+-+-+-+,--+-+-+-+
So Love's  in flam  èd shaft  or  brand,-+-+-+-+,-+-+-+-+
May kill  as soon  as Death's  cold  hand;,-+-+-+-+,-+-+-+++
Ex cept  Love's fi  res the vir  tue  have,-+-+-+-+,-+++--+-+
To fright  the frost  out of  the  grave.,-+-+-+-+,-+-++--+
"I have  been here  be  fore,",-+-+-+,+--+-+|+-+--+|-+-+-+|-++--+|--++-+
But when  or how  I can  not  tell:,-+-+-+-+,-+-+-+-+
"I know  the grass  be yond  the  door,",-+-+-+-+,-+-+-+-+
"The sweet  keen  smell,",-+-+,-+++
"The sigh  ing sound,  the lights  a round  the  shore.",-+-+-+-+-+,-+-+-+-+-+
"You have  been mine  be  fore,--",-+-+-+,+--+-+
How long  a go  I may  not  know:,-+-+-+-+,-+-+-+-+
But just  when at  that swal  low's  soar,-+-+-+-+,-++--+-+
"Your neck  turned  so,",-+-+,-+++
"Some veil  did fall,-- I knew  it all  of  yore.",-+-+-+-+-+,-+-+-+-+-+|++-+-+-+-+
"Then, now,-- per chance  a  gain!",-+-+-+,++-+-+
O round  mine eyes  your tress  es  shake!,-+-+-+-+,-+-+-+-+|++-+-+-+
Shall we  not lie  as we  have  lain,-+-+-+-+,-+-+-+-+|+--+-+-+|--++--++|+-++--++
"Thus for  Love's  sake,",-+-+,+-++
"And sleep,  and wake,  yet nev  er break  the  chain?",-+-+-+-+-+,-+-+-+-+-+
Shall I  com pare  thee to  a summer's  day?,-+-+-+-+-+,-+-+-+-+-+
Thou art  more love  ly and  more tem  per  ate:,-+-+-+-+-+,--++--++-+
"Rough winds  do shake  the dar  ling buds  of  May,",-+-+-+-+-+,++-+-+-+-+
And sum  mer's lease  hath all  too short  a  date;,-+-+-+-+-+,-+-+-+++-+
"Some times  too hot  the eye  of heav  en  shines,",-+-+-+-+-+,+-++-+-+-+
And of  ten is  his gold  com plex  ion  dimmed;,-+-+-+-+-+,-+-+-+-+-+
"And eve  ry fair  from fair  some times  de  clines,",-+-+-+-+-+,-+-+-++--+
By chance  or na  ture's chang  ing course  un  trimmed;,-+-+-+-+-+,-+-+-+-+-+
"But thy  e ter  nal sum  mer shall  not  fade,",-+-+-+-+-+,-+-+-+-+-+|-+-+-+--++
Nor lose  pos ses  sion of  that fair  thou  ow'st;,-+-+-+-+-+,-+-+-+-+-+
"Nor shall  death brag  thou wand'  rest in  his  shade,",-+-+-+-+-+,+-++-+-+-+
When in  e ter  nal lines  to Time  thou  grow'st;,-+-+-+-+-+,-+-+-+-+-+
"So long  as men  can breathe,  or eyes  can  see,",-+-+-+-+-+,-+-+-+-+-+
"So long  lives this,  and this  gives life  to  thee.",-+-+-+-+-+,-+++-+-+-+|-+++-+++-+
I have  de si red to  go,-+-+-+,+--+--+
"Where springs  not  fail,",-+-+,-+++
To fields  where flies  no sharp  and sid  ed  hail,-+-+-+-+-+,-+-+-+-+-+
And a  few lil  ies  blow.,-+-+-+,--++-+
And I  have asked  to  be,-+-+-+,-+-+-+
"Where no  storms  come,",-+-+,-+++
"Where the  green swell  is in  the ha  vens  dumb,",-+-+-+-+-+,--++-+-+-+
And out  of the swing  of the  sea.,-+-+-+,-+--+--+
"Slow, slow,  fresh fount,  keep time  with my  salt  tears;",-+-+-+-+-+,++++++--++
"Yet slow  er, yet,  O faint  ly, gen  tle  springs!",-+-+-+-+-+,-+-+++-+-+
"List to  the heav  y part  the mu  sic  bears,",-+-+-+-+-+,+--+-+-+-+
Woe weeps  out her  di vi  sion when  she  sings.,-+-+-+-+-+,+++--+-+-+|+++--+---+
Droop herbs  and flow  ers;,-+-+,++-+-
Fall grief  in show  ers;,-+-+,++-+-
"O ur beau  ties are  not o  urs.  O,  I could  still,",-+-+-+-+-+,--+--++-+--+
"Like melt  ing snow  up on  some crag  gy  hill,",-+-+-+-+-+,-+-+-+-+-+|-+-+--++-+
"Drop, drop,  drop,  drop,",-+-+,++++
Since na  ture's pride  is now  a with  ered daf  fo  dil.,-+-+-+-+-+-+,-+-+-+-+-+-+
"I met  a trav  el ler from  an an  tique  land,",-+-+-+-+-+,-+-+--+--++|-+-+--+-+-+
Who said:  Two vast  and trunk  less legs  of  stone,-+-+-+-+-+,-+++-+-+-+
"Stand in  the des  ert....  Near  them, on  the  sand,",-+-+-+-+-+,+--+-+-+-+
"Half sunk,  a shat  tered vis  age lies,  whose  frown,",-+-+-+-+-+,++-+-+-+-+
"And wrin  kled lip,  and sneer  of cold  com  mand,",-+-+-+-+-+,-+-+-+-+-+
Tell that  its sculp  tor well  those pas  sions  read,-+-+-+-+-+,+--+-+-+-+
"Which yet  sur vive,  stamped on  these life  less  things,",-+-+-+-+-+,-+-++--+-+
"The hand  that mocked  them, and  the heart  that  fed:",-+-+-+-+-+,-+-+-+-+-+
And on  the ped  es tal  these words  ap  pear:,-+-+-+-+-+,-+-+--++-+
"My name  is Oz  y man  di as, king  of  kings:",-+-+-+-+-+,-+-+-+--+-+
"Look on  my works,  ye Might  y, and  de  spair!",-+-+-+-+-+,+--+-+-+-+|+--+++---+
Noth ing  be side  re mains.  Round the  de  cay,-+-+-+-+-+,+--+-++--+
"Of that  co los  sal wreck,  bound less  and  bare,",-+-+-+-+-+,-+-+-++--+
The lone  and lev  el sands  stretch far  a  way.,-+-+-+-+-+,-+-+-+++-+
"True Ease  in Writ  ing comes  from Art,  not  Chance,",-+-+-+-+-+,++-+-+-+-+|++-+-+-+++
As those  move eas  i est  who  have learn'd  to  dance.,-+-+-+-+-+,-+++--+-+-+
"'Tis not  e nough  no Harsh  ness gives   Of fence,",-+-+-+-+-+,-+-+-+-+-+|-+-+++-+-+
The Sound  must seem  an Ech o to   the Sense.,-+-+-+-+-+,-+-+-+-+-+
"Soft is  the Strain  when Zeph  yr gen  tly  blows,",-+-+-+-+-+,+--+-+-+-+
And the  smooth Stream  in smooth  er Num  bers  flows;,-+-+-+-+-+,--++-+-+-+
"But when  loud Surg  es lash  the sound  ing  Shore,",-+-+-+-+-+,--++-+-+-+
"The hoarse,  rough Verse  shou'd like  the Tor  rent  roar.",-+-+-+-+-+,-+++-+-+-+
"When A  jax strives  some Rock's  vast Weight  to  throw,",-+-+-+-+-+,-+-+++++-+
"The Line  too la  bours,  and  the Words  move  slow;",-+-+-+-+-+,-+++---+++
"Not so,  when swift  Ca mil  la scours  the  Plain,",-+-+-+-+-+,-+-+-+-+-+
"Flies o'er  th'un bend  ing Corn,  and skims  a long  the  Main.",-+-+-+-+-+-+,+--+-+-+-+-+
"That light  whose smile  kin dles  the U  ni  verse,",-+-+-+-+-+,-+-++--+-+
"That Beau  ty in  which all  things work  and  move,",-+-+-+-+-+,-+---+++-+
That Ben  e dic  tion which  the e clips  ing  curse,-+-+-+-+-+,-+-+-+--+-+
"Of birth  can quench  not,  that  sus tain  ing  Love",-+-+-+-+-+,-+-++--+-+
Which through  the web  of be  ing blind  ly  wove,-+-+-+-+-+,-+-+-+-+-+
"By man  and beast  and earth  and air  and  sea,",-+-+-+-+-+,-+-+-+-+-+
Burns bright  or dim  as each  are mir  rors  of,-+-+-+-+-+,++-+-+-+-+
"The fi  re for which  all thirst;  now beams  on  me,",-+-+-+-+-+,-+--+++++-+|-+--+++-+-+
Con sum  ing the  last clouds  of cold  mor tal  i  ty.,-+-+-+-+-+-+,-+--++-+-+-+
The breath  whose might  I have  in voked  in  song,-+-+-+-+-+,-+-+-+-+-+
De scends  on me;  my spir  it's bark  is driv  en,-+-+-+-+-+,-+-+-+-+-+-
"Far from  the shore,  far from  the trem  bl ing  throng",-+-+-+-+-+,+--++--+--+
Whose sails  were nev  er to  the tem  pest giv  en;,-+-+-+-+-+,-+-+-+-+-+-
The mass  y earth  and spher  ed skies  are riv  en!,-+-+-+-+-+,-+-+-+-+-+-
"I am  borne dark  ly, fear  ful ly,  a  far;",-+-+-+-+-+,--++-+-+-+
"Whilst, burn  ing through  the in  most veil  of Heav  en,",-+-+-+-+-+-,-+-+-+-+-+-
"The soul  of A  do na  is,  like  a  star,",-+-+-+-+-+,-+-+-+-+-+
Bea cons  from the  a bode  where the  E ter  nal  are.,-+-+-+-+-+-+,+-+--++--+-+
In Xan  a du  did Ku  bla  Khan,-+-+-+-+,-+-+-+-+
A state  ly pleas  ure dome  de  cree:,-+-+-+-+,-+-+-+-+
"Where Alph,  the sa  cred riv  er,  ran",-+-+-+-+,-+-+-+-+
Through cav  erns meas  ure less  to  man,-+-+-+-+,-+-+-+-+
Down to  a sun  less  sea.,-+-+-+,+--+-+
So twice  five miles  of fer  tile  ground,-+-+-+-+,-+++-+-+
With walls  and towers  were gir  dled  round:,-+-+-+-+,-+-+-+-+
"And there  were gar  dens bright  with sin  u ous  rills,",-+-+-+-+-+,-+-+-+-+--+
Where blos  somed man  y an in  cense- bear  ing  tree;,-+-+-+-+-+,-+-+--+-+-+
"And here  were for  ests an  cient as  the  hills,",-+-+-+-+-+,-+-+-+-+-+
En fold  ing sun  ny spots  of green  er  y.,-+-+-+-+-+,-+-+-+-+-+
But oh!  that deep  ro man  tic chasm  which slant  ed,-+-+-+-+-+,-+-+-+-+-+-
Down the  green hill  a thwart  a ce  darn cov  er!,-+-+-+-+-+,+-++-+-+-+-
A sav  age place!  as ho  ly and  en chant  ed,-+-+-+-+-+,-+-+-+-+-+-
As e'er  be neath  a wan  ing moon  was haunt  ed,-+-+-+-+-+,-+-+-+-+-+-
By wo  man wail  ing for  her de  mon- lov  er!,-+-+-+-+-+,-+-+-+-+-+-
"And from  this chasm,  with cease  less tur  moil seeth  ing,",-+-+-+-+-+,-+-+-+-+-+-
"As if  this earth  in fast  thick pants  were breath  ing,",-+-+-+-+-+,-+-+-+++-+-
A might  y foun  tain mo  ment ly  was  forced:,-+-+-+-+-+,-+-+-+-+-+
A mid  whose swift  half- in  ter mit  ted  burst,-+-+-+-+-+,-+-++--+-+
"Huge frag  ments vault  ed like  re bound  ing  hail,",-+-+-+-+-+,++-+---+-+|++-+-+-+-+
Or chaf  fy grain  be neath  the thresh  er's  flail:,-+-+-+-+-+,-+-+-+-+-+
"And 'mid  these danc  ing rocks,  at once  and ev  er",-+-+-+-+-+,-+-+-+-+-+-
It flung  up mo  ment ly  the sa  cred riv  er.,-+-+-+-+-+,-+++---+-+-|-+-+-+-+-+-
Five miles  me an  der ing with  a maz  y mo  tion,-+-+-+-+-+,++-+--+-+-+-|++-+----+-+-
"Through wood  and dale  the sa  cred riv  er  ran,",-+-+-+-+-+,-+-+-+-+-+
"Then reached  the cav  erns meas  ure less  to  man,",-+-+-+-+-+,-+-+-+-+-+
And sank  in tu  mult to  a life  less o  cean:,-+-+-+-+-+,-+-+-+-+-+-
And 'mid  this tu  mult Ku  bla heard  from  far,-+-+-+-+-+,-+-+-+-+-+
An ces  tral voic  es pro  phes y  ing  war!,-+-+-+-+-+,-+-+-+-+-+
The shad  ow of  the dome  of pleas  ure,-+-+-+-+,-+-+-+-+-
Float  ed mid  way on  the  waves;,-+-+-+-+,+-+-+-+
Where  was heard  the min  gled meas  ure,-+-+-+-+,+-+-+-+-
From  the foun  tain and  the  caves.,-+-+-+-+,+-+-+-+
"It was  a mir  a cle  of rare  de  vice,",-+-+-+-+-+,-+-+-+-+-+
A sun  ny pleas  ure- dome  with caves  of  ice!,-+-+-+-+-+,-+-+-+-+-+
A dam  sel with  a dul  ci  mer,-+-+-+-+,-+-+-+-+
In a vi  sion once  I  saw:,-+-+-+,--+-+-+
"It was  an Ab  ys sin  i an  maid,",-+-+-+-+,-+-+-+--+
"And on  her dul  cim er  she  played,",-+-+-+-+,-+-+-+-+
Sing  ing of  Mount A  bo  ra.,-+-+-+-+,+-+-+-+
Could I  re vive  with in  me,-+-+-+,-+-+-+-
"Her sym  pho ny  and  song,",-+-+-+,-+-+-+
"To such  a deep  de light  'twould win  me,",-+-+-+-+,-+-+-+-+-
"That  with mu  sic loud  and  long,",-+-+-+-+,+-+-+-+
"I  would build  that dome  in  air,",-+-+-+-+,+-+-+-+
That sun  ny dome!  those caves  of  ice!,-+-+-+-+,-+-+-+-+
"And all  who heard  should see  them  there,",-+-+-+-+,-+-+-+-+
"And all  should cry,  Be ware!  Be  ware!",-+-+-+-+,-+-+-+-+
His flash  ing eyes!  his float  ing  hair!,-+-+-+-+,-+-+-+-+
"Weave  a cir  cle round  him  thrice,",-+-+-+-+,+-+-+-+
"And close  your eyes  with ho  ly  dread,",-+-+-+-+,-+-+-+-+
"For he  on hon  ey- dew  hath  fed,",-+-+-+-+,-+-+-+-+
And drunk  the milk  of Par  a  dise.,-+-+-+-+,-+-+-+-+
"E ven such  is time,  which takes  in  trust",-+-+-+-+,--+-+-+-+
"Our youth,  our joys,  and all  we  have,",-+-+-+-+,-+-+-+-+
And pays  us but  with age  and  dust;,-+-+-+-+,-+-+-+-+
Who in  the dark  and si  lent  grave,-+-+-+-+,+--+-+-+
When we  have wan  dered all  our  ways,-+-+-+-+,-+-+-+-+
Shuts up  the sto  ry of  our  days;,-+-+-+-+,++-+---+
"And from  which earth,  and grave,  and  dust",-+-+-+-+,-+-+-+-+
"The Lord  shall raise  me up,  I  trust.",-+-+-+-+,-+-+-+-+
Give me  the low  est place:  not that  I  dare,-+-+-+-+-+,+--+-++--+
"Ask for  that low  est place,  but Thou  hast  died",-+-+-+-+-+,+--+-+-+-+
That I  might live  and  share,-+-+-+,-+-+-+
Thy glo  ry by  Thy  side.,-+-+-+,-+-+-+
Give me  the low  est place:  or if  for  me,-+-+-+-+-+,+--+-+-+-+
"That low  est place  too high,  make one  more  low",-+-+-+-+-+,-+-+-++--+|-+-+-++-++
Where I  may sit  and  see,-+-+-+,-+-+-+
My God  and love  Thee  so.,-+-+-+,-+-+-+
Who says  that fic  tions on  ly and  false  hair,-+-+-+-+-+,++-+-+--++|-+-+-+--++
Be come  a verse?  Is there  in truth  no beau  ty?,-+-+-+-+-+,-+-+-+-+-+-
Is all  good struc  ture in  a wind  ing  stair?,-+-+-+-+-+,-+++---+-+
"May no  lines pass,  ex cept  they do  their du  ty",-+-+-+-+-+,-+++-+-+-+-
"Not to  a true,  but paint  ed  chair?",-+-+-+-+,+--+-+-+
"Is it  no verse,  ex cept  en chant  ed  groves",-+-+-+-+-+,+-++-+-+-+|--++-+-+-+
And sud  den ar  bors shad  ow coarse-  spun  lines?,-+-+-+-+-+,-+-+-+-+++
Must purl  ing streams  re fresh  a lov  er's  loves?,-+-+-+-+-+,-+-+-+-+-+
"Must all  be veiled,  while he  that reads,  di  vines,",-+-+-+-+-+,-+-+-+-+-+
Catch ing  the sense  at two  re  moves?,-+-+-+-+,+--+-+-+
Shep herds  are hon  est peo  ple;  let  them  sing:,-+-+-+-+-+,+--+-+-+-+
"Rid dle  who list,  for me,  and pull  for  Prime;",-+-+-+-+-+,+--+-+-+-+
I en  vy no  man's night  in gale  or  spring;,-+-+-+-+-+,-+-+-+-+-+|-+-+++---+
"Nor let  them pun  ish me  with loss  of  rhyme,",-+-+-+-+-+,+--+-+-+-+
"Who plain  ly say,  My God,  My  King.",-+-+-+-+,-+-+-+-+
"Dark house,  by which  once more  I  stand",-+-+-+-+,++--++-+ | ++-+-+-+
"Here in  the long  un love  ly  street,",-+-+-+-+,+--+-+-+
"Doors,  where  my heart  was used  to  beat",-+-+-+-+,+--+-+-+
"So quick  ly, wait  ing for  a  hand,",-+-+-+-+,++-+---+ | -+-+-+-+
A hand  that can  be clasped  no  more-,-+-+-+-+,-+---+++ | -+-+-+++
"Be hold  me,  for  I can  not  sleep,",-+-+-+-+,-+-+-+-+
And like  a guil  ty thing  I  creep,-+-+-+-+,-+-+-+-+
At ear  li est morn  ing to  the  door.,-+-+-+-+,-+--+-+-+
He is  not here;  but far  a  way,-+-+-+-+,-+-+-+-+ | --++-+-+ | +--+-+-+
"The noise  of life  be gins  a  gain,",-+-+-+-+,-+-+-+-+
And ghast  ly through  the driz  zling  rain,-+-+-+-+,-+-+-+-+
On the  bald street  breaks the  blank  day.,-+-+-+-+,--+++-++
O ver  the land  freck led  with snow  half- thawed,-+-+-+-+-+,+--++--+++
The spec  u la  ting rooks  at their  nests  cawed,-+-+-+-+-+,-+-+-+--++
"And saw  from elm-  tops,  del  i cate as flow  er of  grass,",-+-+-+-+-+,-+-+-+---+--+
"What we  be low  could not  see,  Win  ter  pass.",-+-+-+-+-+,-+-+-+-+-+
What pass  ing- bells  for these  who die  as cat  tle?,-+-+-+-+-+,-+-+-+-+-+-
On ly  the mon  strous an  ger of  the  guns.,-+-+-+-+-+,+--+-+-+-+
On ly  the stut  ter ing ri  fles' ra  pid rat  tle,-+-+-+-+-+,+--+--+-+-+-
Can pat  ter out  their hast  y or  i  sons.,-+-+-+-+-+,-+-+-+-+-+
No mock  er ies now  for them;  no prayers  nor  bells;,-+-+-+-+-+,-+--+-+-+-+|++--+-+++-+
"Nor an  y voice  of mourn  ing save  the cho  irs,--",-+-+-+-+-+,-+-+-+-+-+-
"The shrill,  de ment  ed cho  irs of wail  ing  shells;",-+-+-+-+-+,-+-+-+--+-+
And bu  gles call  ing for  them from  sad shi  res.,-+-+-+-+-+,-+-+-+--++-
What can  dles may  be held  to speed  them  all?,-+-+-+-+-+,-+-+-+-+-+|++---+-+-+
Not in  the hands  of boys  but in  their  eyes,-+-+-+-+-+,+--+-+-+-+
Shall shine  the ho  ly glim  mers of  good  byes.,-+-+-+-+-+,-+-+-+-+-+
The pal  lor of  girls' brows  shall be  their  pall;,-+-+-+-+-+,-+--++-+-+
"Their flow  ers the ten  der ness  of pa  tient  minds,",-+-+-+-+-+,-+--+-+-+-+
And each  slow dusk  a draw  ing- down  of  blinds.,-+-+-+-+-+,-+++-+-+-+
"Bright star,  would I  were stead  fast as  thou  art--",-+-+-+-+-+,++-+-+--++
Not in  lone splen  dour hung  a loft  the  night,-+-+-+-+-+,+-++-+-+-+
"And watch  ing,  with  e ter  nal lids  a  part,",-+-+-+-+-+,-+-+-+-+-+
"Like na  ture's pa  tient, sleep  less Er  e  mite,",-+-+-+-+-+,-+-+-+-+-+
The mov  ing wa  ters at  their priest  like  task,-+-+-+-+-+,-+-+-+-+-+
"Of pure  ab lu  tion round  earth's hu  man  shores,",-+-+-+-+-+,-+-+-+++-+
Or gaz  ing on  the new  soft- fall  en  mask,-+-+-+-+-+,-+---+++-+|-+-+-+++-+
Of snow  up on  the moun  tains and  the  moors--,-+-+-+-+-+,-+-+-+-+-+
"No--  yet  still stead  fast,  still  un change  a  ble,",-+-+-+-+-+,+-++-+-+-+
"Pil low'd  up on  my fair  love's rip  en ing  breast,",-+-+-+-+-+,+--+-+++--+
"To feel  for ev  er its  soft fall  and  swell,",-+-+-+-+-+,-+-+--++-+
"A wake  for ev  er in  a sweet  un  rest,",-+-+-+-+-+,-+-+---+++
"Still, still  to hear  her ten  der- tak  en  breath,",-+-+-+-+-+,++-+-+-+-+
And so  live ev  er--  or  else swoon  to  death.,-+-+-+-+-+,-+++---+-+
Tro  chee trips  from long  to  short.,+-+-+-+-,+-+-+-+
From long  to long  in sol  emn  sort.,-+-+-+-+,-+-+-+-+
Slow Spon  dee stalks;  strong foot!  yet ill a  ble,++++++++++,++-+++-+--
Ev er to  come up with  Dac tyl tri  syl la  ble.,+--+--+--+--,+--+--+--+--
I am  bics march  from short  to  long.,-+-+-+-+,-+-+-+-+
With a leap  and a bound  the swift An  a pests  throng.,--+--+--+--+,--+--+--+--+
"Now  all  the truth  is  out,",-+-+-+,-+-+-+
Be sec  ret and take  de  feat,-+-+-+,-+--+-+
"From an  y braz  en  throat,",-+-+-+,-+-+-+
"For how  can you  com  pete,",-+-+-+,-+-+-+
"Be ing hon  our bred,  with  one",-+-+-+,--+-+-+
"Who,  were  it proved  he  lies,",-+-+-+,+--+-+|-+-+-+
Were nei  ther shamed  in his  own,-+-+-+,-+-+--+
Nor in  his neigh  bours'  eyes?,-+-+-+,+--+-+
Bred to  a hard  er  thing,-+-+-+,+--+-+
"Than Tri  umph,  turn  a  way",-+-+-+,-+-+-+
And like  a laugh  ing  string,-+-+-+,-+-+-+
Where on  mad fing  ers  play,-+-+-+,--++-+|-+++-+
"A mid  a place  of  stone,",-+-+-+,-+-+-+
"Be sec  ret and  ex  ult,",-+-+-+,-+-+-+
Be cause   of all  things  known,-+-+-+,-+-+++
That is  most dif  fi  cult.,-+-+-+,+-++-+|+--+-+
"Since there's  no help,  come let  us kiss  and  part;",-+-+-+-+-+,+--++--+-+|-+-++--+-+
"Nay, I  have done,  you get  no more  of  me,",-+-+-+-+-+,+--+-+-+-+|+--+--++-+
"And I  am glad,  yea glad  with all  my  heart",-+-+-+-+-+,-+-+++-+-+
That thus  so clean  ly I  my self  can  free;,-+-+-+-+-+,-+-+-+-+-+
"Shake hands  for ev er,  can  cel all  our  vows,",-+-+-+-+-+,++-+-+-+-+
"And when  we meet  at an  y time  a  gain,",-+-+-+-+-+,-+-+-+-+-+
Be it  not seen  in ei  ther of  our  brows,-+-+-+-+-+,--++-+-+-+|+-++-+---+
That we  one jot  of for  mer love  re  tain.,-+-+-+-+-+,-+++-+-+-+|--++-+-+-+
Now at  the last  gasp of  love's la  test  breath,-+-+-+-+-+,+--++-++-+
"When,  his  pulse fail  ing,  Pas  sion speech  less  lies,",-+-+-+-+-+,+-++-+-+-+
"When Faith  is kneel  ing by  his bed  of  death,",-+-+-+-+-+,-+-+-+-+-+
"And In  no cence  is clos  ing up  his  eyes,",-+-+-+-+-+,-+-+-+-+-+
"Now if  thou wouldst,  when all  have giv  en him  o ver,",-+-+-+-+-+,+--+-+-+--+-
From death  to life  thou mightst  him yet  re  cov er.,-+-+-+-+-+,-+-+-+-+-+-
The ev  er last  ing u  ni verse  of  things,-+-+-+-+-+,-+-+-+-+-+
"Flows through  the mind,  and rolls  its rap  id  waves,",-+-+-+-+-+,+--+-+-+-+
Now dark-- now glit  ter ing-- now  re flect  ing  gloom--,-+-+-+-+-+,-+-+--+-+-+
"Now lend  ing splen  dour,  where  from se  cret  springs",-+-+-+-+-+,-+-+-+-+-+
The source  of hu  man thought  its trib  ute  brings,-+-+-+-+-+,-+-+-+-+-+
"Of wa  ters,-- with  a sound  but half  its  own,",-+-+-+-+-+,-+-+-+-+-+
Such as  a fee  ble brook  will oft  as  sume,-+-+-+-+-+,+--+-+-+-+
"In the  wild woods,  a mong  the moun  tains  lone,",-+-+-+-+-+,--++-+-+-+
"Where wa  ter falls  a round  it leap  for  ev er,",-+-+-+-+-+,-+-+-+-+-+-
"Where woods  and winds  con tend,  and a  vast  riv er",-+-+-+-+-+,-+-+-+--++-
O ver  its rocks  cease less  ly bursts  and  raves.,-+-+-+-+-+,+--++--+-+
"Hands,  do what   you're  bid:",-+-+-+,++--+
"Bring the  bal loon  of the  mind,",-+-+-+,+--+--+
"That bel lies and drags   in the  wind,",-+-+-+,-+--+--+
In to  its nar row  shed.,-+-+-+,+--+-+
He clasps  the crag  with crook  ed  hands;,-+-+-+-+,-+-+-+-+
"Close to  the sun  in lone  ly  lands,",-+-+-+-+,+--+-+-+
"Ringed with  the az  ure world,  he  stands.",-+-+-+-+,+--+-+-+
The wrin  kled sea  be neath  him  crawls;,-+-+-+-+,-+-+-+-+
"He watch  es from  his moun  tain  walls,",-+-+-+-+,-+-+-+-+
And like  a thun  der bolt  he  falls.,-+-+-+-+,+--+-+-+|-+-+-+-+
"A roun  del is wrought  as a ring  or a star  bright  sphere,",--+--+--+--+--+,-+--+--+--+++
"With craft  of de light  and with cun  ning of sound  un  sought,",--+--+--+--+--+,-+--+--+--+-+
That the heart  of the hear  er may smile  if to pleas  ure his  ear,--+--+--+--+--+,--+--+--+--+--+
A roun  del is  wrought.,--+--+,-+--+
Its jew  el of mu  sic is carv  en of all  or of  aught--,--+--+--+--+--+,-+--+--+--+--+
"Love, laugh  ter, or mourn  ing-- re mem  brance of rap  ture or  fear--",--+--+--+--+--+,++--+--+--+--+
That fan  cy may fash  ion to hang  in the ear  of  thought.,--+--+--+--+--+,-+--+--+--+-+
"As a bird's  quick song  runs round,  and the hearts  in us  hear",--+--+--+--+--+,--+++++--+--+
"Pause an  swer to pause,  and a gain  the same  strain  caught,",--+--+--+--+--+,++--+--+-+++
"So moves  the de vice  whence,  round  as a pearl  or  tear,",--+--+--+--+--+,-+--+-+--+-+
A roun  del is  wrought.,--+--+,-+--+
Sud den  ly I saw  the cold  and rook- de light  ing heav  en,-+-+-+-+-+-+,+---+-+-+-+-+-
"That seemed  as though  ice burned  and was  but the  more   ice,",-+-+-+-+-+-+,-+--++-+--++
And there  up on  i ma  gin a  tion and heart  were driv  en,-+-+-+-+-+-+,-+-+-+-+--+-+-
So wild  that e  ver y cas  u al thought  of that  and   this,-+-+-+-+-+-+,-+-+--+--+-+-+
"Van ished,   and left  but me mo ries,  that should  be out  of sea  son",-+-+-+-+-+-+,+--+-+---+-+-+-
"With the  hot blood  of youth,  of love  crossed long  a  go;",-+-+-+-+-+-+,--++-+-+++-+
"And I  took all  the blame  out of  all sense  and rea  son,",-+-+-+-+-+-+,-+-+-+--++-+-
"Un til  I cried  and trem  bled and  rocked to  and   fro,",-+-+-+-+-+-+,-+-+-+--++-+
"Rid dled  with light.  Ah! when  the ghost  be gins  to quick  en,",-+-+-+-+-+-+,+--++--+-+-+-
"Con fu  sion of  the death-  bed o  ver,  is  it  sent",-+-+-+-+-+-+,-+---+++-+-+
"Out na  ked on  the roads,  as the  books say,  and strick  en",-+-+-+-+-+-+,++---+--++-+-
By the  in jus  tice of  the skies  for pun  ish  ment?,-+-+-+-+-+-+,+--+-+-+-+-+
Ty  ger! ty  ger! burn  ing  bright,-+-+-+-+,+-+-+-+
"In  the for  ests of  the  night,",-+-+-+-+,+-+-+-+
What  im mor  tal hand  or  eye,-+-+-+-+,+-+-+-+
Could frame  thy fear  ful sym  me  try?,-+-+-+-+,-+-+-+-+
In  what dis  tant deeps  or  skies,-+-+-+-+,+-+-+-+
Burnt  the fi  re of  thine  eyes?,-+-+-+-+,+-+-+-+
On  what wings  dare he  a spi  re?,-+-+-+-+,+-++--+-
What  the hand  dare seize  the fi  re?,-+-+-+-+,+-+++-+-
"And  what should  er, &  what  art,",-+-+-+-+,+++--++|+-+-+-+
Could twist  the sin  ews of  thy  heart?,-+-+-+-+,-+-+-+-+
"And when  thy heart  be gan  to  beat,",-+-+-+-+,-+-+-+-+
What  dread hand?  & what  dread  feet?,-+-+-+-+,+++-+++
What  the ham  mer?  what  the  chain?,-+-+-+-+,+-+-+-+
In  what fur  nace was  thy  brain?,-+-+-+-+,+-+-+-+|+++---+
What  the an  vil?  what  dread  grasp,-+-+-+-+,+-+-+++
Dare  its dead  ly ter  rors  clasp?,-+-+-+-+,+-+-+-+
"When  the stars  threw down  their  spears,",-+-+-+-+,+-+++-+
"And wa  tered heav  en with  their  tears,",-+-+-+-+,-+-+-+-+
Did  he smile  his work  to  see?,-+-+-+-+,+-+-+-+
Did he  who made  the Lamb  make  thee?,-+-+-+-+,-+-+-+-+|-+-+-+++
Ty  ger! ty  ger! burn  ing  bright,-+-+-+-+,+-+-+-+
"In  the for  ests of  the  night,",-+-+-+-+,+-+-+-+
What  im mor  tal hand  or  eye,-+-+-+-+,+-+-+-+
Dare frame  thy fear  ful sym  me  try?,-+-+-+-+,++-+-+-+
"Wo man much  missed, how you  call to me,  call to  me,",+--+--+--+--,+--+--+--+--
Say ing that  now you are  not as you   were,+--+--+--+--,+--+--+--+
"When you had  changed from the  one who was  all to  me,",+--+--+--+--,+--+--+--+--
"But as at  first, when our  day was   fair.",+--+--+--+--,+--+--+-+
"Can it be  you that I  hear?  Let me  view you,  then,",+--+--+--+--,+--+--+--+--
Stand ing as  when I drew  near to the   town,+--+--+--+--,+--+--+--+
"Where you would  wait for me:  yes, as I  knew you  then,",+--+--+--+--,+--+--+--+--
E ven to the or  ig in al  air- blue   gown!,+--+--+--+--,+----+--+++
"Or is it  on ly the  breeze, in its  list less  ness",+--+--+--+--,+--+--+--+--
"Trav elling a  cross the wet  mead to me   here,",+--+--+--+--,+--+--+--+
"You be ing  e ver dis  solved to wan  wist less  ness,",+--+--+--+--,+--+--+--+--
Heard no  more a gain  far or   near?,+--+--+--+--,+-+--+-+
"Thus I;  fal ter ing  for  ward,",+-+-+-,+++--+-
"Leaves a  round me  fall  ing,",+-+-+-,+-+-+-
"Wind ooz ing  thin through the  thorn from  nor  ward,",+-+-+-+-,+--+--+-+-
And the  wo man  call  ing.,+-+-+-,+-+-+-
"Toil  and grow  rich,",--+--+,+--+
What's that  but to  lie,--+--+,-+--+
With a  foul  witch,--+--+,--++
"And af  ter,  drained  dry,",--+--+,-+-++
To be  brought,--+,--+
To the cham  ber  where,--+--+,--+-+
Lies one  long  sought,--+--+,-+++
With des  pair?,--+,--+
When I  con sid  er how  my light  is  spent,-+-+-+-+-+,-+-+-+-+-+
"Ere half  my days,  in this  dark world  and  wide,",-+-+-+-+-+,-+-+--++-+
And that  one tal  ent which  is death  to  hide,-+-+-+-+-+,-+++---+-+
"Lodged with  me use  less,  though  my soul  more  bent",-+-+-+-+-+,+--+-+-+-+|+--+---+++
"To serve  there with  my Mak  er,  and  pres  ent",-+-+-+-+-+,-+-+-+-+-+
"My true  ac count,  lest he  re turn  ing  chide;",-+-+-+-+-+,-+-+-+-+-+
"""Doth God  ex act  day- la  bor,  light  de  nied?""",-+-+-+-+-+,-+-+++-+-+
I fond  ly ask;  but pa  tience to  pre  vent,-+-+-+-+-+,-+-+-+-+-+
"That mur  mur, soon  re plies,  ""God doth  not  need",-+-+-+-+-+,-+-+-++--+
Ei ther  man's work  or his  own gifts:  who  best,-+-+-+-+-+,+-++--++-+
"Bear his  mild yoke,  they serve  him best.  His  state",-+-+-+-+-+,+-+++--+-+
Is king  ly.  Thou  sands at  his bid  ding  speed,-+-+-+-+-+,-+-+-+-+-+
And post  o'er land  and o  cean with  out  rest:,-+-+-+-+-+,-+-+-+--++
"They al  so serve  who on  ly stand  and  wait.""",-+-+-+-+-+,-+-+-+-+-+
"Who trav  els by  the wear  ie wan  dring  way,",-+-+-+-+-+,-+-+-+-+-+
"To come  vn to  his wish  ed home  in  haste,",-+-+-+-+-+,-++--+-+-+
"And meetes  a flood,  that doth  his pass  age  stay,",-+-+-+-+-+,-+-+-+-+-+
"Is not  great grace  to helpe  him ou  er  past,",-+-+-+-+-+,-+++-+-+-+
"Or free  his feet,  that in  the myre  sticke  fast?",-+-+-+-+-+,-+-+-+-+++|-+-+---+++
"Most en  ui ous man,  that grieues  at neigh  bours  good,",-+-+-+-+-+,++--+-+-+-+
"And fond,  that ioy  est in  the woe  thou  hast,",-+-+-+-+-+,-+-+-+-+-+
"Why wilt  not let  him pass,  that long  hath  stood",-+-+-+-+-+,+--+-+-+-+
"V pon  the banke,  yet wilt  thy selfe  not passe  the  flood?",-+-+-+-+-+-+,-+-+-+-+++-+
He there  does now  en joy  e ter  nall  rest,-+-+-+-+-+,-+-+-+-+-+
"And hap  pie ease,  which thou  doest want  and  craue,",-+-+-+-+-+,-+-+-+-+-+
And fur  ther from  it dai  ly wan  der  est:,-+-+-+-+-+,-+-+-+-+-+
"What if  some lit  tle paine  the pas  sage  haue,",-+-+-+-+-+,-+-+-+-+-+
That makes  fraile flesh  to feare  the bit  ter  waue?,-+-+-+-+-+,-+++-+-+-+
"Is not  short paine  well borne,  that brings  long  ease,",-+-+-+-+-+,--++++-+++
And layes  the soule  to sleepe  in qui  et  graue?,-+-+-+-+-+,-+-+-+-+-+
"Sleepe af  ter toyle,  port af  ter storm  y  seas,",-+-+-+-+-+,+--++--+-+
"Ease af  ter warre,  death af  ter life  does great  ly  please.",-+-+-+-+-+,+--++--+-+-+
